日付,時刻,コード,会社名,表題（リンク_TDnet）,表題（リンク_ローカル）,キーワード,ヒットページ数,記述されているページ,分類,URL（生）
20260209,15:30,9619,イチネンHD,"=HYPERLINK(""https://www.release.tdnet.info/inbs/140120260206551023.pdf"", ""2026年2月版会社説明会用資料(決算補足説明資料)"")","=HYPERLINK(""pdf_tmp/20260209/9619_1530_イチネンHD_2026年2月版会社説明会用資料(決算補足説明資料).pdf"", ""2026年2月版会社説明会用資料(決算補足説明資料)"")",大幅 トップシェア シェア拡大 価格改定 計画を上 計画を下,12,9 34 36 39 40 42 43 46 47 48 49 54,説明資料,https://www.release.tdnet.info/inbs/140120260206551023.pdf
20260209,15:30,6089,ウィルグループ,"=HYPERLINK(""https://www.release.tdnet.info/inbs/140120260205548792.pdf"", ""2026年3月期 第3四半期決算補足資料"")","=HYPERLINK(""pdf_tmp/20260209/6089_1530_ウィルグループ_2026年3月期 第3四半期決算補足資料.pdf"", ""2026年3月期 第3四半期決算補足資料"")",大幅 計画を上 悪化,11,4 5 12 13 17 20 28 73 76 82 83,その他,https://www.release.tdnet.info/inbs/140120260205548792.pdf
20260209,14:00,4635,東インキ,"=HYPERLINK(""https://www.release.tdnet.info/inbs/140120260202544957.pdf"", ""2026年3月期 第3四半期決算補足説明資料"")","=HYPERLINK(""pdf_tmp/20260209/4635_1400_東インキ_2026年3月期 第3四半期決算補足説明資料.pdf"", ""2026年3月期 第3四半期決算補足説明資料"")",上方修正 価格改定 大幅 下方修正 価格転嫁 悪化,10,3 5 8 9 13 22 33 35 37 43,説明資料,https://www.release.tdnet.info/inbs/140120260202544957.pdf
20260209,11:30,7012,川崎重,"=HYPERLINK(""https://www.release.tdnet.info/inbs/140120260205548635.pdf"", ""2025年度第3四半期決算説明資料"")","=HYPERLINK(""pdf_tmp/20260209/7012_1130_川崎重_2025年度第3四半期決算説明資料.pdf"", ""2025年度第3四半期決算説明資料"")",上方修正 悪化 価格転嫁 下方修正 増産 需要が増 需要が低,10,2 9 16 17 18 24 36 37 42 47,説明資料,https://www.release.tdnet.info/inbs/140120260205548635.pdf
20260209,15:30,7187,ジェイリース,"=HYPERLINK(""https://www.release.tdnet.info/inbs/140120260209551464.pdf"", ""2026年3月期第3四半期決算説明資料"")","=HYPERLINK(""pdf_tmp/20260209/7187_1530_ジェイリース_2026年3月期第3四半期決算説明資料.pdf"", ""2026年3月期第3四半期決算説明資料"")",計画を上 大幅 シェア拡大 需要が増 悪化,8,2 4 5 6 8 10 14 15,説明資料,https://www.release.tdnet.info/inbs/140120260209551464.pdf
20260209,15:30,1333,マルハニチロ,"=HYPERLINK(""https://www.release.tdnet.info/inbs/140120260209551763.pdf"", ""2026年3月期 第3四半期決算補足資料"")","=HYPERLINK(""pdf_tmp/20260209/1333_1530_マルハニチロ_2026年3月期 第3四半期決算補足資料.pdf"", ""2026年3月期 第3四半期決算補足資料"")",大幅 価格改定 未達 価格転嫁 想定以上,7,3 4 6 7 9 10 16,その他,https://www.release.tdnet.info/inbs/140120260209551763.pdf
20260209,15:30,3679,じげん,"=HYPERLINK(""https://www.release.tdnet.info/inbs/140120260209551971.pdf"", ""2026年3月期第3四半期決算説明会資料"")","=HYPERLINK(""pdf_tmp/20260209/3679_1530_じげん_2026年3月期第3四半期決算説明会資料.pdf"", ""2026年3月期第3四半期決算説明会資料"")",大幅 シェア拡大 未達,7,11 14 20 27 31 33 34,その他,https://www.release.tdnet.info/inbs/140120260209551971.pdf
20260209,15:30,1375,ユキグニファクトリー,"=HYPERLINK(""https://www.release.tdnet.info/inbs/140120260209551503.pdf"", ""2026年3月期 第3四半期 決算説明資料"")","=HYPERLINK(""pdf_tmp/20260209/1375_1530_ユキグニファクトリー_2026年3月期 第3四半期 決算説明資料.pdf"", ""2026年3月期 第3四半期 決算説明資料"")",値上 未達 悪化 シェア拡大 需要が増 トップシェア,6,4 15 38 52 53 59,説明資料,https://www.release.tdnet.info/inbs/140120260209551503.pdf
20260209,09:00,4326,インテージHD,"=HYPERLINK(""https://www.release.tdnet.info/inbs/140120260205549023.pdf"", ""2026年6月期 第2四半期決算説明資料"")","=HYPERLINK(""pdf_tmp/20260209/4326_0900_インテージHD_2026年6月期 第2四半期決算説明資料.pdf"", ""2026年6月期 第2四半期決算説明資料"")",大幅 値上,6,3 4 5 9 15 18,説明資料,https://www.release.tdnet.info/inbs/140120260205549023.pdf
20260209,16:00,4415,G-ブロードエンター,"=HYPERLINK(""https://www.release.tdnet.info/inbs/140120260209551591.pdf"", ""2025年12月期 通期決算説明資料"")","=HYPERLINK(""pdf_tmp/20260209/4415_1600_G-ブロードエンター_2025年12月期 通期決算説明資料.pdf"", ""2025年12月期 通期決算説明資料"")",上方修正 需要が増 大幅 未達,6,3 4 10 17 24 34,説明資料,https://www.release.tdnet.info/inbs/140120260209551591.pdf
20260209,09:00,4917,マンダム,"=HYPERLINK(""https://www.release.tdnet.info/inbs/140120260209551151.pdf"", ""(変更)「MBOの実施に関する賛同の意見表明及び応募の推奨に関するお知らせ」の一部変更に関するお知らせ"")","=HYPERLINK(""pdf_tmp/20260209/4917_0900_マンダム_(変更)「MBOの実施に関する賛同の意見表明及び応募の推奨に関するお知らせ」の一部変更に関するお知らせ.pdf"", ""(変更)「MBOの実施に関する賛同の意見表明及び応募の推奨に関するお知らせ」の一部変更に関するお知らせ"")",大幅 悪化,6,7 9 14 17 25 27,その他,https://www.release.tdnet.info/inbs/140120260209551151.pdf
20260209,15:30,5463,丸一鋼管,"=HYPERLINK(""https://www.release.tdnet.info/inbs/140120260206551040.pdf"", ""2026年3月期第3四半期決算説明会資料"")","=HYPERLINK(""pdf_tmp/20260209/5463_1530_丸一鋼管_2026年3月期第3四半期決算説明会資料.pdf"", ""2026年3月期第3四半期決算説明会資料"")",下方修正 大幅 悪化 計画を上 需要回復 価格転嫁,6,4 7 9 13 15 17,その他,https://www.release.tdnet.info/inbs/140120260206551040.pdf
20260209,15:30,8869,明和地所,"=HYPERLINK(""https://www.release.tdnet.info/inbs/140120260209551228.pdf"", ""2026年3月期第3四半期 決算説明資料"")","=HYPERLINK(""pdf_tmp/20260209/8869_1530_明和地所_2026年3月期第3四半期 決算説明資料.pdf"", ""2026年3月期第3四半期 決算説明資料"")",大幅 上方修正 計画を上,6,3 4 5 10 20 29,説明資料,https://www.release.tdnet.info/inbs/140120260209551228.pdf
20260209,13:00,3101,東洋紡,"=HYPERLINK(""https://www.release.tdnet.info/inbs/140120260203545375.pdf"", ""2025年度第3四半期決算説明"")","=HYPERLINK(""pdf_tmp/20260209/3101_1300_東洋紡_2025年度第3四半期決算説明.pdf"", ""2025年度第3四半期決算説明"")",上方修正 悪化 需要回復,5,2 9 10 13 14,その他,https://www.release.tdnet.info/inbs/140120260203545375.pdf
20260209,13:00,3447,信和,"=HYPERLINK(""https://www.release.tdnet.info/inbs/140120260209551199.pdf"", ""2026年3月期 第3四半期決算補足説明資料"")","=HYPERLINK(""pdf_tmp/20260209/3447_1300_信和_2026年3月期 第3四半期決算補足説明資料.pdf"", ""2026年3月期 第3四半期決算補足説明資料"")",トップシェア 大幅 需要が増,5,6 7 9 13 16,説明資料,https://www.release.tdnet.info/inbs/140120260209551199.pdf
20260209,08:00,3556,G-リネットジャパン,"=HYPERLINK(""https://www.release.tdnet.info/inbs/140120260206551058.pdf"", ""2026年9月期 第1四半期決算補足資料"")","=HYPERLINK(""pdf_tmp/20260209/3556_0800_G-リネットジャパン_2026年9月期 第1四半期決算補足資料.pdf"", ""2026年9月期 第1四半期決算補足資料"")",上方修正 値上 大幅,5,4 5 6 20 22,その他,https://www.release.tdnet.info/inbs/140120260206551058.pdf
20260209,15:45,3741,セック,"=HYPERLINK(""https://www.release.tdnet.info/inbs/140120260108531187.pdf"", ""2026年3月期 第3四半期決算補足説明資料"")","=HYPERLINK(""pdf_tmp/20260209/3741_1545_セック_2026年3月期 第3四半期決算補足説明資料.pdf"", ""2026年3月期 第3四半期決算補足説明資料"")",大幅,5,3 5 9 10 12,説明資料,https://www.release.tdnet.info/inbs/140120260108531187.pdf
20260209,15:30,3970,G-イノベーション,"=HYPERLINK(""https://www.release.tdnet.info/inbs/140120260209552014.pdf"", ""2026年3月期第3四半期 決算補足資料"")","=HYPERLINK(""pdf_tmp/20260209/3970_1530_G-イノベーション_2026年3月期第3四半期 決算補足資料.pdf"", ""2026年3月期第3四半期 決算補足資料"")",上方修正 シェア拡大 大幅 下方修正,5,8 16 17 18 24,その他,https://www.release.tdnet.info/inbs/140120260209552014.pdf
20260209,13:00,4025,多木化学,"=HYPERLINK(""https://www.release.tdnet.info/inbs/140120260126538181.pdf"", ""令和7年12月期 決算補足説明資料"")","=HYPERLINK(""pdf_tmp/20260209/4025_1300_多木化学_令和7年12月期 決算補足説明資料.pdf"", ""令和7年12月期 決算補足説明資料"")",値上 大幅 上方修正,5,14 15 17 21 22,説明資料,https://www.release.tdnet.info/inbs/140120260126538181.pdf
20260209,14:00,4186,東応化,"=HYPERLINK(""https://www.release.tdnet.info/inbs/140120260209551524.pdf"", ""2025年12月期決算説明資料"")","=HYPERLINK(""pdf_tmp/20260209/4186_1400_東応化_2025年12月期決算説明資料.pdf"", ""2025年12月期決算説明資料"")",上方修正 大幅 シェア拡大,5,3 4 18 20 23,説明資料,https://www.release.tdnet.info/inbs/140120260209551524.pdf
20260209,16:00,7460,ヤギ,"=HYPERLINK(""https://www.release.tdnet.info/inbs/140120260209551271.pdf"", ""2026年3月期 第3四半期決算補足説明資料"")","=HYPERLINK(""pdf_tmp/20260209/7460_1600_ヤギ_2026年3月期 第3四半期決算補足説明資料.pdf"", ""2026年3月期 第3四半期決算補足説明資料"")",上方修正 下方修正 大幅,5,2 3 6 8 9,説明資料,https://www.release.tdnet.info/inbs/140120260209551271.pdf
20260209,14:00,1870,矢作建,"=HYPERLINK(""https://www.release.tdnet.info/inbs/140120260206550539.pdf"", ""IR資料【2026年3月期 第3四半期決算補足説明資料】"")","=HYPERLINK(""pdf_tmp/20260209/1870_1400_矢作建_IR資料【2026年3月期 第3四半期決算補足説明資料】.pdf"", ""IR資料【2026年3月期 第3四半期決算補足説明資料】"")",大幅 価格転嫁,4,4 6 7 18,説明資料,https://www.release.tdnet.info/inbs/140120260206550539.pdf
20260209,14:00,3951,朝日印刷,"=HYPERLINK(""https://www.release.tdnet.info/inbs/140120260209551604.pdf"", ""2026年3月期 第3四半期 決算補足説明資料"")","=HYPERLINK(""pdf_tmp/20260209/3951_1400_朝日印刷_2026年3月期 第3四半期 決算補足説明資料.pdf"", ""2026年3月期 第3四半期 決算補足説明資料"")",トップシェア 価格改定 大幅 未達,4,8 12 13 21,説明資料,https://www.release.tdnet.info/inbs/140120260209551604.pdf
20260209,15:30,4021,日産化,"=HYPERLINK(""https://www.release.tdnet.info/inbs/140120260206550980.pdf"", ""2025年度 第3四半期 決算説明資料"")","=HYPERLINK(""pdf_tmp/20260209/4021_1530_日産化_2025年度 第3四半期 決算説明資料.pdf"", ""2025年度 第3四半期 決算説明資料"")",上方修正 大幅,4,17 20 23 34,説明資料,https://www.release.tdnet.info/inbs/140120260206550980.pdf
20260209,15:30,4385,メルカリ,"=HYPERLINK(""https://www.release.tdnet.info/inbs/140120260206550998.pdf"", ""FY2026.6 2Q 決算説明資料"")","=HYPERLINK(""pdf_tmp/20260209/4385_1530_メルカリ_FY2026.6 2Q 決算説明資料.pdf"", ""FY2026.6 2Q 決算説明資料"")",上方修正,4,5 6 10 23,説明資料,https://www.release.tdnet.info/inbs/140120260206550998.pdf
20260209,14:00,5805,SWCC,"=HYPERLINK(""https://www.release.tdnet.info/inbs/140120260209551746.pdf"", ""2026年3月期 第3四半期決算補足説明資料"")","=HYPERLINK(""pdf_tmp/20260209/5805_1400_SWCC_2026年3月期 第3四半期決算補足説明資料.pdf"", ""2026年3月期 第3四半期決算補足説明資料"")",大幅 価格転嫁 増産,4,4 7 9 10,説明資料,https://www.release.tdnet.info/inbs/140120260209551746.pdf
20260209,15:30,6046,G-リンクバル,"=HYPERLINK(""https://www.release.tdnet.info/inbs/140120260209551772.pdf"", ""2026年9月期第1四半期 決算補足説明資料"")","=HYPERLINK(""pdf_tmp/20260209/6046_1530_G-リンクバル_2026年9月期第1四半期 決算補足説明資料.pdf"", ""2026年9月期第1四半期 決算補足説明資料"")",想定以上 大幅 計画を上 計画以 シェア拡大,4,5 6 11 21,説明資料,https://www.release.tdnet.info/inbs/140120260209551772.pdf
20260209,12:00,6817,スミダ,"=HYPERLINK(""https://www.release.tdnet.info/inbs/140120260205549069.pdf"", ""2025年12月期第4四半期及び通期決算説明資料"")","=HYPERLINK(""pdf_tmp/20260209/6817_1200_スミダ_2025年12月期第4四半期及び通期決算説明資料.pdf"", ""2025年12月期第4四半期及び通期決算説明資料"")",大幅 増産,4,4 5 19 25,説明資料,https://www.release.tdnet.info/inbs/140120260205549069.pdf
20260209,15:30,9434,ソフトバンク,"=HYPERLINK(""https://www.release.tdnet.info/inbs/140120260209551388.pdf"", ""2026年3月期 第3四半期決算短信〔IFRS〕(連結)"")","=HYPERLINK(""pdf_tmp/20260209/9434_1530_ソフトバンク_2026年3月期 第3四半期決算短信〔IFRS〕(連結).pdf"", ""2026年3月期 第3四半期決算短信〔IFRS〕(連結)"")",上方修正 価格交渉,4,8 10 22 42,決算短信,https://www.release.tdnet.info/inbs/140120260209551388.pdf
20260209,14:00,3566,G-ユニネク,"=HYPERLINK(""https://www.release.tdnet.info/inbs/140120260209551845.pdf"", ""2025年12月期通期決算説明資料"")","=HYPERLINK(""pdf_tmp/20260209/3566_1400_G-ユニネク_2025年12月期通期決算説明資料.pdf"", ""2025年12月期通期決算説明資料"")",大幅 シェア拡大,3,8 9 23,説明資料,https://www.release.tdnet.info/inbs/140120260209551845.pdf
20260209,14:00,4186,東応化,"=HYPERLINK(""https://www.release.tdnet.info/inbs/140120260209551576.pdf"", ""TOKグループ中期経営計画「tok 中期計画 2027」の見直しに関するお知らせ"")","=HYPERLINK(""pdf_tmp/20260209/4186_1400_東応化_TOKグループ中期経営計画「tok 中期計画 2027」の見直しに関するお知らせ.pdf"", ""TOKグループ中期経営計画「tok 中期計画 2027」の見直しに関するお知らせ"")",上方修正 シェア拡大,3,3 8 13,その他,https://www.release.tdnet.info/inbs/140120260209551576.pdf
20260209,08:00,4588,G-オンコリスバイオ,"=HYPERLINK(""https://www.release.tdnet.info/inbs/140120260208551121.pdf"", ""決算説明会資料"")","=HYPERLINK(""pdf_tmp/20260209/4588_0800_G-オンコリスバイオ_決算説明会資料.pdf"", ""決算説明会資料"")",悪化 未達,3,2 4 32,その他,https://www.release.tdnet.info/inbs/140120260208551121.pdf
20260209,14:00,5142,アキレス,"=HYPERLINK(""https://www.release.tdnet.info/inbs/140120260206550524.pdf"", ""2026年3月期 第3四半期 決算概要"")","=HYPERLINK(""pdf_tmp/20260209/5142_1400_アキレス_2026年3月期 第3四半期 決算概要.pdf"", ""2026年3月期 第3四半期 決算概要"")",価格改定 大幅 悪化,3,4 7 10,その他,https://www.release.tdnet.info/inbs/140120260206550524.pdf
20260209,08:30,5214,日電硝,"=HYPERLINK(""https://www.release.tdnet.info/inbs/140120260206551061.pdf"", ""2025年12月期決算説明会資料"")","=HYPERLINK(""pdf_tmp/20260209/5214_0830_日電硝_2025年12月期決算説明会資料.pdf"", ""2025年12月期決算説明会資料"")",価格改定 シェア拡大,3,4 7 10,その他,https://www.release.tdnet.info/inbs/140120260206551061.pdf
20260209,15:30,5463,丸一鋼管,"=HYPERLINK(""https://www.release.tdnet.info/inbs/140120260206551027.pdf"", ""2026年3月期第3四半期決算短信〔日本基準〕(連結)"")","=HYPERLINK(""pdf_tmp/20260209/5463_1530_丸一鋼管_2026年3月期第3四半期決算短信〔日本基準〕(連結).pdf"", ""2026年3月期第3四半期決算短信〔日本基準〕(連結)"")",大幅 悪化 価格転嫁 需要回復 需要の回復 下方修正 未達 需要が増,3,4 5 6,決算短信,https://www.release.tdnet.info/inbs/140120260206551027.pdf
20260209,14:30,5713,住友鉱,"=HYPERLINK(""https://www.release.tdnet.info/inbs/140120260209551516.pdf"", ""2026年3月期 第3四半期決算短信〔IFRS〕(連結)"")","=HYPERLINK(""pdf_tmp/20260209/5713_1430_住友鉱_2026年3月期 第3四半期決算短信〔IFRS〕(連結).pdf"", ""2026年3月期 第3四半期決算短信〔IFRS〕(連結)"")",増産 大幅 悪化,3,4 5 6,決算短信,https://www.release.tdnet.info/inbs/140120260209551516.pdf
20260209,15:30,5715,古河機金,"=HYPERLINK(""https://www.release.tdnet.info/inbs/140120260204547285.pdf"", ""2026年3月期 第3四半期決算短信〔日本基準〕(連結)"")","=HYPERLINK(""pdf_tmp/20260209/5715_1530_古河機金_2026年3月期 第3四半期決算短信〔日本基準〕(連結).pdf"", ""2026年3月期 第3四半期決算短信〔日本基準〕(連結)"")",悪化 価格改定 需要の回復 上方修正 計画を下,3,5 6 7,決算短信,https://www.release.tdnet.info/inbs/140120260204547285.pdf
20260209,15:30,6031,G-ZETA,"=HYPERLINK(""https://www.release.tdnet.info/inbs/140120260206550227.pdf"", ""2025年12月期決算説明資料"")","=HYPERLINK(""pdf_tmp/20260209/6031_1530_G-ZETA_2025年12月期決算説明資料.pdf"", ""2025年12月期決算説明資料"")",未達,3,2 4 6,説明資料,https://www.release.tdnet.info/inbs/140120260206550227.pdf
20260209,15:30,6551,ツナグGHD,"=HYPERLINK(""https://www.release.tdnet.info/inbs/140120260209551759.pdf"", ""2026年9月期 第1四半期決算説明資料"")","=HYPERLINK(""pdf_tmp/20260209/6551_1530_ツナグGHD_2026年9月期 第1四半期決算説明資料.pdf"", ""2026年9月期 第1四半期決算説明資料"")",想定以上 価格交渉 大幅,3,9 12 30,説明資料,https://www.release.tdnet.info/inbs/140120260209551759.pdf
20260209,15:30,6588,東芝テック,"=HYPERLINK(""https://www.release.tdnet.info/inbs/140120260209551275.pdf"", ""2026年3月期 第3四半期決算短信〔日本基準〕(連結)"")","=HYPERLINK(""pdf_tmp/20260209/6588_1530_東芝テック_2026年3月期 第3四半期決算短信〔日本基準〕(連結).pdf"", ""2026年3月期 第3四半期決算短信〔日本基準〕(連結)"")",悪化 価格改定 大幅 上方修正 下方修正,3,4 5 6,決算短信,https://www.release.tdnet.info/inbs/140120260209551275.pdf
20260209,14:30,8101,GSIクレオス,"=HYPERLINK(""https://www.release.tdnet.info/inbs/140120260205549047.pdf"", ""2026年3月期 第3四半期 決算補足資料"")","=HYPERLINK(""pdf_tmp/20260209/8101_1430_GSIクレオス_2026年3月期 第3四半期 決算補足資料.pdf"", ""2026年3月期 第3四半期 決算補足資料"")",上方修正 価格改定 需要が低,3,2 5 9,その他,https://www.release.tdnet.info/inbs/140120260205549047.pdf
20260209,13:00,9273,コーア商事HD,"=HYPERLINK(""https://www.release.tdnet.info/inbs/140120260209551188.pdf"", ""2026年6月期 第2四半期 決算補足資料"")","=HYPERLINK(""pdf_tmp/20260209/9273_1300_コーア商事HD_2026年6月期 第2四半期 決算補足資料.pdf"", ""2026年6月期 第2四半期 決算補足資料"")",シェア拡大,3,2 5 6,その他,https://www.release.tdnet.info/inbs/140120260209551188.pdf
20260209,15:30,1333,マルハニチロ,"=HYPERLINK(""https://www.release.tdnet.info/inbs/140120260206550934.pdf"", ""2026年3月期 第3四半期決算短信〔日本基準〕(連結)"")","=HYPERLINK(""pdf_tmp/20260209/1333_1530_マルハニチロ_2026年3月期 第3四半期決算短信〔日本基準〕(連結).pdf"", ""2026年3月期 第3四半期決算短信〔日本基準〕(連結)"")",上方修正,2,1 4,決算短信,https://www.release.tdnet.info/inbs/140120260206550934.pdf
20260209,15:30,1893,五洋建,"=HYPERLINK(""https://www.release.tdnet.info/inbs/140120260209551339.pdf"", ""2026年3月期第3四半期決算短信〔日本基準〕(連結)"")","=HYPERLINK(""pdf_tmp/20260209/1893_1530_五洋建_2026年3月期第3四半期決算短信〔日本基準〕(連結).pdf"", ""2026年3月期第3四半期決算短信〔日本基準〕(連結)"")",大幅,2,5 6,決算短信,https://www.release.tdnet.info/inbs/140120260209551339.pdf
20260209,13:00,2117,ウェルネオシュガー,"=HYPERLINK(""https://www.release.tdnet.info/inbs/140120260130543697.pdf"", ""2026年3月期第3四半期決算短信〔IFRS〕(連結)"")","=HYPERLINK(""pdf_tmp/20260209/2117_1300_ウェルネオシュガー_2026年3月期第3四半期決算短信〔IFRS〕(連結).pdf"", ""2026年3月期第3四半期決算短信〔IFRS〕(連結)"")",増産,2,4 6,決算短信,https://www.release.tdnet.info/inbs/140120260130543697.pdf
20260209,15:30,2268,サーティワン,"=HYPERLINK(""https://www.release.tdnet.info/inbs/140120260206550903.pdf"", ""2025年12月期  決算短信〔日本基準〕(連結)"")","=HYPERLINK(""pdf_tmp/20260209/2268_1530_サーティワン_2025年12月期 決算短信〔日本基準〕(連結).pdf"", ""2025年12月期  決算短信〔日本基準〕(連結)"")",悪化 価格改定,2,15 16,決算短信,https://www.release.tdnet.info/inbs/140120260206550903.pdf
20260209,12:00,2602,日清オイリオ,"=HYPERLINK(""https://www.release.tdnet.info/inbs/140120260206550526.pdf"", ""2026年3月期 第3四半期決算短信〔日本基準〕(連結)"")","=HYPERLINK(""pdf_tmp/20260209/2602_1200_日清オイリオ_2026年3月期 第3四半期決算短信〔日本基準〕(連結).pdf"", ""2026年3月期 第3四半期決算短信〔日本基準〕(連結)"")",価格改定 需要回復 悪化,2,5 6,決算短信,https://www.release.tdnet.info/inbs/140120260206550526.pdf
20260209,15:00,3131,シンデンハイテク,"=HYPERLINK(""https://www.release.tdnet.info/inbs/140120260205549262.pdf"", ""2026年3月期 第3四半期決算説明資料"")","=HYPERLINK(""pdf_tmp/20260209/3131_1500_シンデンハイテク_2026年3月期 第3四半期決算説明資料.pdf"", ""2026年3月期 第3四半期決算説明資料"")",大幅 悪化,2,2 7,説明資料,https://www.release.tdnet.info/inbs/140120260205549262.pdf
20260209,15:30,3154,メディアスHD,"=HYPERLINK(""https://www.release.tdnet.info/inbs/140120260209551872.pdf"", ""2026年6月期中間決算説明資料"")","=HYPERLINK(""pdf_tmp/20260209/3154_1530_メディアスHD_2026年6月期中間決算説明資料.pdf"", ""2026年6月期中間決算説明資料"")",価格交渉 悪化,2,19 43,説明資料,https://www.release.tdnet.info/inbs/140120260209551872.pdf
20260209,08:00,3556,G-リネットジャパン,"=HYPERLINK(""https://www.release.tdnet.info/inbs/140120260206551063.pdf"", ""2026年9月期 第1四半期決算短信〔日本基準〕(連結)"")","=HYPERLINK(""pdf_tmp/20260209/3556_0800_G-リネットジャパン_2026年9月期 第1四半期決算短信〔日本基準〕(連結).pdf"", ""2026年9月期 第1四半期決算短信〔日本基準〕(連結)"")",大幅 上方修正,2,4 5,決算短信,https://www.release.tdnet.info/inbs/140120260206551063.pdf
20260209,15:30,3970,G-イノベーション,"=HYPERLINK(""https://www.release.tdnet.info/inbs/140120260209552021.pdf"", ""2026年3月期第3四半期 決算補足資料(スマートフォン版サマリ)"")","=HYPERLINK(""pdf_tmp/20260209/3970_1530_G-イノベーション_2026年3月期第3四半期 決算補足資料(スマートフォン版サマリ).pdf"", ""2026年3月期第3四半期 決算補足資料(スマートフォン版サマリ)"")",上方修正 下方修正,2,3 4,その他,https://www.release.tdnet.info/inbs/140120260209552021.pdf
20260209,13:00,4025,多木化学,"=HYPERLINK(""https://www.release.tdnet.info/inbs/140120260126538171.pdf"", ""令和7年12月期 決算短信〔日本基準〕(連結)"")","=HYPERLINK(""pdf_tmp/20260209/4025_1300_多木化学_令和7年12月期 決算短信〔日本基準〕(連結).pdf"", ""令和7年12月期 決算短信〔日本基準〕(連結)"")",値上 大幅 上方修正,2,4 6,決算短信,https://www.release.tdnet.info/inbs/140120260126538171.pdf
20260209,13:00,4025,多木化学,"=HYPERLINK(""https://www.release.tdnet.info/inbs/140120260206550633.pdf"", ""資本コストや株価を意識した経営の実現に向けた対応について"")","=HYPERLINK(""pdf_tmp/20260209/4025_1300_多木化学_資本コストや株価を意識した経営の実現に向けた対応について.pdf"", ""資本コストや株価を意識した経営の実現に向けた対応について"")",値上 大幅 上方修正,2,1 2,資本コストや株価,https://www.release.tdnet.info/inbs/140120260206550633.pdf
20260209,14:00,4186,東応化,"=HYPERLINK(""https://www.release.tdnet.info/inbs/140120260209551175.pdf"", ""2025年12月期決算短信 〔日本基準〕<連結>"")","=HYPERLINK(""pdf_tmp/20260209/4186_1400_東応化_2025年12月期決算短信 〔日本基準〕_連結_.pdf"", ""2025年12月期決算短信 〔日本基準〕<連結>"")",大幅,2,4 5,決算短信,https://www.release.tdnet.info/inbs/140120260209551175.pdf
20260209,15:30,4523,エーザイ,"=HYPERLINK(""https://www.release.tdnet.info/inbs/140120260209551213.pdf"", ""2025年度第3四半期 決算説明会資料"")","=HYPERLINK(""pdf_tmp/20260209/4523_1530_エーザイ_2025年度第3四半期 決算説明会資料.pdf"", ""2025年度第3四半期 決算説明会資料"")",大幅 トップシェア,2,6 9,その他,https://www.release.tdnet.info/inbs/140120260209551213.pdf
20260209,15:30,4523,エーザイ,"=HYPERLINK(""https://www.release.tdnet.info/inbs/140120260209551165.pdf"", ""2026年3月期 第3四半期決算短信〔IFRS〕(連結)"")","=HYPERLINK(""pdf_tmp/20260209/4523_1530_エーザイ_2026年3月期 第3四半期決算短信〔IFRS〕(連結).pdf"", ""2026年3月期 第3四半期決算短信〔IFRS〕(連結)"")",大幅,2,5 9,決算短信,https://www.release.tdnet.info/inbs/140120260209551165.pdf
20260209,14:00,4635,東インキ,"=HYPERLINK(""https://www.release.tdnet.info/inbs/140120260123537940.pdf"", ""2026年3月期通期連結業績予想および期末配当予想の修正に関するお知らせ"")","=HYPERLINK(""pdf_tmp/20260209/4635_1400_東インキ_2026年3月期通期連結業績予想および期末配当予想の修正に関するお知らせ.pdf"", ""2026年3月期通期連結業績予想および期末配当予想の修正に関するお知らせ"")",価格改定 計画を上 上方修正,2,1 2,予想の修正,https://www.release.tdnet.info/inbs/140120260123537940.pdf
20260209,15:40,4884,G-クリングル,"=HYPERLINK(""https://www.release.tdnet.info/inbs/140120260206550765.pdf"", ""2026年9月期第1四半期決算について(決算説明資料)"")","=HYPERLINK(""pdf_tmp/20260209/4884_1540_G-クリングル_2026年9月期第1四半期決算について(決算説明資料).pdf"", ""2026年9月期第1四半期決算について(決算説明資料)"")",トップシェア 悪化,2,23 28,説明資料,https://www.release.tdnet.info/inbs/140120260206550765.pdf
20260209,14:00,5142,アキレス,"=HYPERLINK(""https://www.release.tdnet.info/inbs/140120260206550510.pdf"", ""2026年3月期 第3四半期決算短信〔日本基準〕(連結)"")","=HYPERLINK(""pdf_tmp/20260209/5142_1400_アキレス_2026年3月期 第3四半期決算短信〔日本基準〕(連結).pdf"", ""2026年3月期 第3四半期決算短信〔日本基準〕(連結)"")",価格改定 需要の回復 悪化 上方修正,2,4 6,決算短信,https://www.release.tdnet.info/inbs/140120260206550510.pdf
20260209,14:00,5142,アキレス,"=HYPERLINK(""https://www.release.tdnet.info/inbs/140120260205548439.pdf"", ""通期業績予想の上方修正及び特別損失の計上に関するお知らせ"")","=HYPERLINK(""pdf_tmp/20260209/5142_1400_アキレス_通期業績予想の上方修正及び特別損失の計上に関するお知らせ.pdf"", ""通期業績予想の上方修正及び特別損失の計上に関するお知らせ"")",上方修正 大幅,2,1 2,その他,https://www.release.tdnet.info/inbs/140120260205548439.pdf
20260209,15:30,5535,ミガロHD,"=HYPERLINK(""https://www.release.tdnet.info/inbs/140120260209551626.pdf"", ""2026年3月期 第3四半期 決算説明資料"")","=HYPERLINK(""pdf_tmp/20260209/5535_1530_ミガロHD_2026年3月期 第3四半期 決算説明資料.pdf"", ""2026年3月期 第3四半期 決算説明資料"")",大幅 上方修正,2,9 23,説明資料,https://www.release.tdnet.info/inbs/140120260209551626.pdf
20260209,15:30,5631,日製鋼所,"=HYPERLINK(""https://www.release.tdnet.info/inbs/140120260204547367.pdf"", ""2026年3月期第3四半期決算短信〔日本基準〕(連結)"")","=HYPERLINK(""pdf_tmp/20260209/5631_1530_日製鋼所_2026年3月期第3四半期決算短信〔日本基準〕(連結).pdf"", ""2026年3月期第3四半期決算短信〔日本基準〕(連結)"")",大幅 悪化,2,4 13,決算短信,https://www.release.tdnet.info/inbs/140120260204547367.pdf
20260209,15:30,5715,古河機金,"=HYPERLINK(""https://www.release.tdnet.info/inbs/140120260204547297.pdf"", ""2026年3月期 通期業績予想および期末配当予想の修正に関するお知らせ"")","=HYPERLINK(""pdf_tmp/20260209/5715_1530_古河機金_2026年3月期 通期業績予想および期末配当予想の修正に関するお知らせ.pdf"", ""2026年3月期 通期業績予想および期末配当予想の修正に関するお知らせ"")",上方修正 計画を下,2,1 2,予想の修正,https://www.release.tdnet.info/inbs/140120260204547297.pdf
20260209,14:00,5803,フジクラ,"=HYPERLINK(""https://www.release.tdnet.info/inbs/140120260206550334.pdf"", ""2026年3月期通期連結業績予想及び期末配当予想の修正に関するお知らせ"")","=HYPERLINK(""pdf_tmp/20260209/5803_1400_フジクラ_2026年3月期通期連結業績予想及び期末配当予想の修正に関するお知らせ.pdf"", ""2026年3月期通期連結業績予想及び期末配当予想の修正に関するお知らせ"")",上方修正,2,1 2,予想の修正,https://www.release.tdnet.info/inbs/140120260206550334.pdf
20260209,14:00,5805,SWCC,"=HYPERLINK(""https://www.release.tdnet.info/inbs/140120260209551703.pdf"", ""2026年3月期 第3四半期決算短信〔日本基準〕(連結)"")","=HYPERLINK(""pdf_tmp/20260209/5805_1400_SWCC_2026年3月期 第3四半期決算短信〔日本基準〕(連結).pdf"", ""2026年3月期 第3四半期決算短信〔日本基準〕(連結)"")",増産 大幅 上方修正,2,4 5,決算短信,https://www.release.tdnet.info/inbs/140120260209551703.pdf
20260209,16:30,6098,リクルートHD,"=HYPERLINK(""https://www.release.tdnet.info/inbs/140120260205549510.pdf"", ""2026年3月期第3四半期決算説明会・MMT事業について"")","=HYPERLINK(""pdf_tmp/20260209/6098_1630_リクルートHD_2026年3月期第3四半期決算説明会・MMT事業について.pdf"", ""2026年3月期第3四半期決算説明会・MMT事業について"")",上方修正 大幅,2,2 56,その他,https://www.release.tdnet.info/inbs/140120260205549510.pdf
20260209,15:30,6588,東芝テック,"=HYPERLINK(""https://www.release.tdnet.info/inbs/140120260209551381.pdf"", ""2025年度第3四半期決算説明資料"")","=HYPERLINK(""pdf_tmp/20260209/6588_1530_東芝テック_2025年度第3四半期決算説明資料.pdf"", ""2025年度第3四半期決算説明資料"")",価格改定 下方修正 悪化,2,4 19,説明資料,https://www.release.tdnet.info/inbs/140120260209551381.pdf
20260209,15:00,7466,SPK,"=HYPERLINK(""https://www.release.tdnet.info/inbs/140120260209551498.pdf"", ""2026年3月期 第3四半期決算短信〔日本基準〕(連結)"")","=HYPERLINK(""pdf_tmp/20260209/7466_1500_SPK_2026年3月期 第3四半期決算短信〔日本基準〕(連結).pdf"", ""2026年3月期 第3四半期決算短信〔日本基準〕(連結)"")",増産 大幅 需要回復 需要が低 価格改定,2,4 5,決算短信,https://www.release.tdnet.info/inbs/140120260209551498.pdf
20260209,13:00,7966,リンテック,"=HYPERLINK(""https://www.release.tdnet.info/inbs/140120260206550653.pdf"", ""2026年3月期 第3四半期決算短信〔日本基準〕(連結)"")","=HYPERLINK(""pdf_tmp/20260209/7966_1300_リンテック_2026年3月期 第3四半期決算短信〔日本基準〕(連結).pdf"", ""2026年3月期 第3四半期決算短信〔日本基準〕(連結)"")",需要が低 増産,2,4 5,決算短信,https://www.release.tdnet.info/inbs/140120260206550653.pdf
20260209,15:30,8086,ニプロ,"=HYPERLINK(""https://www.release.tdnet.info/inbs/140120260209551238.pdf"", ""2026年3月期第3四半期決算短信〔日本基準〕(連結)"")","=HYPERLINK(""pdf_tmp/20260209/8086_1530_ニプロ_2026年3月期第3四半期決算短信〔日本基準〕(連結).pdf"", ""2026年3月期第3四半期決算短信〔日本基準〕(連結)"")",大幅 シェア拡大 価格改定,2,4 5,決算短信,https://www.release.tdnet.info/inbs/140120260209551238.pdf
20260209,15:30,8344,山形銀,"=HYPERLINK(""https://www.release.tdnet.info/inbs/140120260203545498.pdf"", ""2026年3月期 第3四半期決算短信〔日本基準〕(連結)"")","=HYPERLINK(""pdf_tmp/20260209/8344_1530_山形銀_2026年3月期 第3四半期決算短信〔日本基準〕(連結).pdf"", ""2026年3月期 第3四半期決算短信〔日本基準〕(連結)"")",上方修正 悪化,2,10 12,決算短信,https://www.release.tdnet.info/inbs/140120260203545498.pdf
20260209,15:30,8802,三菱地所,"=HYPERLINK(""https://www.release.tdnet.info/inbs/140120260209551420.pdf"", ""2025年度第3四半期決算ハイライト"")","=HYPERLINK(""pdf_tmp/20260209/8802_1530_三菱地所_2025年度第3四半期決算ハイライト.pdf"", ""2025年度第3四半期決算ハイライト"")",上方修正 大幅 下方修正,2,1 2,その他,https://www.release.tdnet.info/inbs/140120260209551420.pdf
20260209,16:00,8996,ハウスフリーダム,"=HYPERLINK(""https://www.release.tdnet.info/inbs/140120260203545777.pdf"", ""2025年12月期 決算短信〔日本基準〕(連結)"")","=HYPERLINK(""pdf_tmp/20260209/8996_1600_ハウスフリーダム_2025年12月期 決算短信〔日本基準〕(連結).pdf"", ""2025年12月期 決算短信〔日本基準〕(連結)"")",シェア拡大,2,4 6,決算短信,https://www.release.tdnet.info/inbs/140120260203545777.pdf
20260209,15:30,9332,NISSOHD,"=HYPERLINK(""https://www.release.tdnet.info/inbs/140120260130543528.pdf"", ""2026年3月期 第3四半期決算短信〔日本基準〕(連結)"")","=HYPERLINK(""pdf_tmp/20260209/9332_1530_NISSOHD_2026年3月期 第3四半期決算短信〔日本基準〕(連結).pdf"", ""2026年3月期 第3四半期決算短信〔日本基準〕(連結)"")",悪化,2,4 5,決算短信,https://www.release.tdnet.info/inbs/140120260130543528.pdf
20260209,15:30,9332,NISSOHD,"=HYPERLINK(""https://www.release.tdnet.info/inbs/140120260203546196.pdf"", ""2026年3月期 第3四半期決算説明資料"")","=HYPERLINK(""pdf_tmp/20260209/9332_1530_NISSOHD_2026年3月期 第3四半期決算説明資料.pdf"", ""2026年3月期 第3四半期決算説明資料"")",悪化 増産,2,14 15,説明資料,https://www.release.tdnet.info/inbs/140120260203546196.pdf
20260209,15:00,9342,G-スマサポ,"=HYPERLINK(""https://www.release.tdnet.info/inbs/140120260205549080.pdf"", ""2026年9月期第1四半期決算説明資料"")","=HYPERLINK(""pdf_tmp/20260209/9342_1500_G-スマサポ_2026年9月期第1四半期決算説明資料.pdf"", ""2026年9月期第1四半期決算説明資料"")",大幅,2,19 24,説明資料,https://www.release.tdnet.info/inbs/140120260205549080.pdf
20260209,15:30,9619,イチネンHD,"=HYPERLINK(""https://www.release.tdnet.info/inbs/140120260206550504.pdf"", ""2026年3月期 第3四半期決算短信〔日本基準〕(連結)"")","=HYPERLINK(""pdf_tmp/20260209/9619_1530_イチネンHD_2026年3月期 第3四半期決算短信〔日本基準〕(連結).pdf"", ""2026年3月期 第3四半期決算短信〔日本基準〕(連結)"")",価格改定 大幅,2,4 5,決算短信,https://www.release.tdnet.info/inbs/140120260206550504.pdf
20260209,15:30,1333,マルハニチロ,"=HYPERLINK(""https://www.release.tdnet.info/inbs/140120260209551754.pdf"", ""業績予想の修正(上方修正)及び期末配当予想の修正(増配)に関するお知らせ"")","=HYPERLINK(""pdf_tmp/20260209/1333_1530_マルハニチロ_業績予想の修正(上方修正)及び期末配当予想の修正(増配)に関するお知らせ.pdf"", ""業績予想の修正(上方修正)及び期末配当予想の修正(増配)に関するお知らせ"")",上方修正,1,1,予想の修正,https://www.release.tdnet.info/inbs/140120260209551754.pdf
20260209,15:00,1798,守谷商会,"=HYPERLINK(""https://www.release.tdnet.info/inbs/140120260209551189.pdf"", ""2026年3月期 第3四半期決算短信〔日本基準〕(連結)"")","=HYPERLINK(""pdf_tmp/20260209/1798_1500_守谷商会_2026年3月期 第3四半期決算短信〔日本基準〕(連結).pdf"", ""2026年3月期 第3四半期決算短信〔日本基準〕(連結)"")",価格転嫁 大幅 悪化,1,4,決算短信,https://www.release.tdnet.info/inbs/140120260209551189.pdf
20260209,15:30,1946,トーエネック,"=HYPERLINK(""https://www.release.tdnet.info/inbs/140120260209551214.pdf"", ""2026年3月期 第3四半期決算短信〔日本基準〕(連結)(公認会計士等による期中レビューの完了)"")","=HYPERLINK(""pdf_tmp/20260209/1946_1530_トーエネック_2026年3月期 第3四半期決算短信〔日本基準〕(連結)(公認会計士等による期中レビューの完了).pdf"", ""2026年3月期 第3四半期決算短信〔日本基準〕(連結)(公認会計士等による期中レビューの完了)"")",悪化,1,11,決算短信,https://www.release.tdnet.info/inbs/140120260209551214.pdf
20260209,15:30,1992,神田通機,"=HYPERLINK(""https://www.release.tdnet.info/inbs/140120260205547998.pdf"", ""2026年3月期 第3四半期決算短信〔日本基準〕(連結)"")","=HYPERLINK(""pdf_tmp/20260209/1992_1530_神田通機_2026年3月期 第3四半期決算短信〔日本基準〕(連結).pdf"", ""2026年3月期 第3四半期決算短信〔日本基準〕(連結)"")",大幅 需要が増,1,5,決算短信,https://www.release.tdnet.info/inbs/140120260205547998.pdf
20260209,15:00,2109,DM三井製糖,"=HYPERLINK(""https://www.release.tdnet.info/inbs/140120260209551159.pdf"", ""2026年3月期 第3四半期決算短信〔日本基準〕(連結)(公認会計士等による期中レビューの完了)"")","=HYPERLINK(""pdf_tmp/20260209/2109_1500_DM三井製糖_2026年3月期 第3四半期決算短信〔日本基準〕(連結)(公認会計士等による期中レビューの完了).pdf"", ""2026年3月期 第3四半期決算短信〔日本基準〕(連結)(公認会計士等による期中レビューの完了)"")",値上 悪化,1,5,決算短信,https://www.release.tdnet.info/inbs/140120260209551159.pdf
20260209,16:00,2207,meito,"=HYPERLINK(""https://www.release.tdnet.info/inbs/140120260205549227.pdf"", ""2026年3月期 第3四半期決算短信[日本基準](連結)"")","=HYPERLINK(""pdf_tmp/20260209/2207_1600_meito_2026年3月期 第3四半期決算短信[日本基準](連結).pdf"", ""2026年3月期 第3四半期決算短信[日本基準](連結)"")",価格改定 値上,1,4,決算短信,https://www.release.tdnet.info/inbs/140120260205549227.pdf
20260209,15:30,2268,サーティワン,"=HYPERLINK(""https://www.release.tdnet.info/inbs/140120260208551126.pdf"", ""2025年12月期 決算説明資料"")","=HYPERLINK(""pdf_tmp/20260209/2268_1530_サーティワン_2025年12月期 決算説明資料.pdf"", ""2025年12月期 決算説明資料"")",大幅,1,2,説明資料,https://www.release.tdnet.info/inbs/140120260208551126.pdf
20260209,15:30,2374,セントケアHD,"=HYPERLINK(""https://www.release.tdnet.info/inbs/140120260206550808.pdf"", ""2026年3月期 第3四半期決算短信 〔日本基準〕(連結)"")","=HYPERLINK(""pdf_tmp/20260209/2374_1530_セントケアHD_2026年3月期 第3四半期決算短信 〔日本基準〕(連結).pdf"", ""2026年3月期 第3四半期決算短信 〔日本基準〕(連結)"")",価格転嫁,1,4,決算短信,https://www.release.tdnet.info/inbs/140120260206550808.pdf
20260209,15:30,2389,デジタルHD,"=HYPERLINK(""https://www.release.tdnet.info/inbs/140120260206549818.pdf"", ""2025年12月期 決算短信[日本基準](連結)"")","=HYPERLINK(""pdf_tmp/20260209/2389_1530_デジタルHD_2025年12月期 決算短信[日本基準](連結).pdf"", ""2025年12月期 決算短信[日本基準](連結)"")",大幅,1,4,決算短信,https://www.release.tdnet.info/inbs/140120260206549818.pdf
20260209,15:00,2461,ファンコミ,"=HYPERLINK(""https://www.release.tdnet.info/inbs/140120260206550877.pdf"", ""中期経営計画(FY25-27)の一部見直しに関するお知らせ"")","=HYPERLINK(""pdf_tmp/20260209/2461_1500_ファンコミ_中期経営計画(FY25-27)の一部見直しに関するお知らせ.pdf"", ""中期経営計画(FY25-27)の一部見直しに関するお知らせ"")",トップシェア,1,33,その他,https://www.release.tdnet.info/inbs/140120260206550877.pdf
20260209,15:30,2469,ヒビノ,"=HYPERLINK(""https://www.release.tdnet.info/inbs/140120260209551568.pdf"", ""2026年3月期 第3四半期決算短信〔日本基準〕(連結)"")","=HYPERLINK(""pdf_tmp/20260209/2469_1530_ヒビノ_2026年3月期 第3四半期決算短信〔日本基準〕(連結).pdf"", ""2026年3月期 第3四半期決算短信〔日本基準〕(連結)"")",計画を上,1,4,決算短信,https://www.release.tdnet.info/inbs/140120260209551568.pdf
20260209,15:30,2469,ヒビノ,"=HYPERLINK(""https://www.release.tdnet.info/inbs/140120260209551546.pdf"", ""通期業績予想の修正に関するお知らせ"")","=HYPERLINK(""pdf_tmp/20260209/2469_1530_ヒビノ_通期業績予想の修正に関するお知らせ.pdf"", ""通期業績予想の修正に関するお知らせ"")",計画を上,1,1,予想の修正,https://www.release.tdnet.info/inbs/140120260209551546.pdf
20260209,15:30,3031,ラクーンHD,"=HYPERLINK(""https://www.release.tdnet.info/inbs/140120260209551706.pdf"", ""配当方針の変更(累進配当及び利益連動型加算配当の導入)ならびに配当予想の修正(記念配当による増配)に関するお知らせ"")","=HYPERLINK(""pdf_tmp/20260209/3031_1530_ラクーンHD_配当方針の変更(累進配当及び利益連動型加算配当の導入)ならびに配当予想の修正(記念配当による増配)に関するお知らせ.pdf"", ""配当方針の変更(累進配当及び利益連動型加算配当の導入)ならびに配当予想の修正(記念配当による増配)に関するお知らせ"")",大幅,1,1,予想の修正,https://www.release.tdnet.info/inbs/140120260209551706.pdf
20260209,12:30,3036,アルコニックス,"=HYPERLINK(""https://www.release.tdnet.info/inbs/140120260209551395.pdf"", ""2026年3月期 第3四半期決算短信〔日本基準〕(連結)"")","=HYPERLINK(""pdf_tmp/20260209/3036_1230_アルコニックス_2026年3月期 第3四半期決算短信〔日本基準〕(連結).pdf"", ""2026年3月期 第3四半期決算短信〔日本基準〕(連結)"")",需要回復 レアアース,1,4,決算短信,https://www.release.tdnet.info/inbs/140120260209551395.pdf
20260209,16:00,3069,JFLAHD,"=HYPERLINK(""https://www.release.tdnet.info/inbs/140120260209551534.pdf"", ""2026年3月期 第3四半期決算短信〔日本基準〕(連結)"")","=HYPERLINK(""pdf_tmp/20260209/3069_1600_JFLAHD_2026年3月期 第3四半期決算短信〔日本基準〕(連結).pdf"", ""2026年3月期 第3四半期決算短信〔日本基準〕(連結)"")",値上,1,5,決算短信,https://www.release.tdnet.info/inbs/140120260209551534.pdf
20260209,15:30,3097,物語コーポ,"=HYPERLINK(""https://www.release.tdnet.info/inbs/140120260209551874.pdf"", ""2026年6月期 第2四半期(中間期)決算短信〔日本基準〕(連結)"")","=HYPERLINK(""pdf_tmp/20260209/3097_1530_物語コーポ_2026年6月期 第2四半期(中間期)決算短信〔日本基準〕(連結).pdf"", ""2026年6月期 第2四半期(中間期)決算短信〔日本基準〕(連結)"")",価格改定,1,4,決算短信,https://www.release.tdnet.info/inbs/140120260209551874.pdf
20260209,13:00,3101,東洋紡,"=HYPERLINK(""https://www.release.tdnet.info/inbs/140120260203546095.pdf"", ""2026年3月期 第3四半期決算短信〔日本基準〕(連結)"")","=HYPERLINK(""pdf_tmp/20260209/3101_1300_東洋紡_2026年3月期 第3四半期決算短信〔日本基準〕(連結).pdf"", ""2026年3月期 第3四半期決算短信〔日本基準〕(連結)"")",悪化,1,4,決算短信,https://www.release.tdnet.info/inbs/140120260203546095.pdf
20260209,15:00,3131,シンデンハイテク,"=HYPERLINK(""https://www.release.tdnet.info/inbs/140120260205549247.pdf"", ""2026年3月期 第3四半期決算短信〔日本基準〕(連結)"")","=HYPERLINK(""pdf_tmp/20260209/3131_1500_シンデンハイテク_2026年3月期 第3四半期決算短信〔日本基準〕(連結).pdf"", ""2026年3月期 第3四半期決算短信〔日本基準〕(連結)"")",需要の回復,1,4,決算短信,https://www.release.tdnet.info/inbs/140120260205549247.pdf
20260209,15:00,3143,オーウイル,"=HYPERLINK(""https://www.release.tdnet.info/inbs/140120260205548859.pdf"", ""2026年3月期 第3四半期決算短信〔日本基準〕(連結)"")","=HYPERLINK(""pdf_tmp/20260209/3143_1500_オーウイル_2026年3月期 第3四半期決算短信〔日本基準〕(連結).pdf"", ""2026年3月期 第3四半期決算短信〔日本基準〕(連結)"")",値上 大幅,1,4,決算短信,https://www.release.tdnet.info/inbs/140120260205548859.pdf
20260209,15:30,3157,ジオリーブグループ,"=HYPERLINK(""https://www.release.tdnet.info/inbs/140120260209551880.pdf"", ""通期業績予想及び配当予想の修正に関するお知らせ"")","=HYPERLINK(""pdf_tmp/20260209/3157_1530_ジオリーブグループ_通期業績予想及び配当予想の修正に関するお知らせ.pdf"", ""通期業績予想及び配当予想の修正に関するお知らせ"")",上方修正 計画を上,1,1,予想の修正,https://www.release.tdnet.info/inbs/140120260209551880.pdf
20260209,15:30,3183,ウイン・パートナーズ,"=HYPERLINK(""https://www.release.tdnet.info/inbs/140120260206549741.pdf"", ""2026年3月期第3四半期決算短信〔日本基準〕(連結)"")","=HYPERLINK(""pdf_tmp/20260209/3183_1530_ウイン・パートナーズ_2026年3月期第3四半期決算短信〔日本基準〕(連結).pdf"", ""2026年3月期第3四半期決算短信〔日本基準〕(連結)"")",シェア拡大,1,4,決算短信,https://www.release.tdnet.info/inbs/140120260206549741.pdf
20260209,15:30,3317,フライングG,"=HYPERLINK(""https://www.release.tdnet.info/inbs/140120260120536083.pdf"", ""2026年3月期第3四半期決算短信[日本基準](非連結)"")","=HYPERLINK(""pdf_tmp/20260209/3317_1530_フライングG_2026年3月期第3四半期決算短信[日本基準](非連結).pdf"", ""2026年3月期第3四半期決算短信[日本基準](非連結)"")",需要回復,1,4,決算短信,https://www.release.tdnet.info/inbs/140120260120536083.pdf
20260209,15:30,3457,And Do HLD,"=HYPERLINK(""https://www.release.tdnet.info/inbs/140120260209552036.pdf"", ""2026年6月期第2四半期連結業績予想の修正に関するお知らせ"")","=HYPERLINK(""pdf_tmp/20260209/3457_1530_And Do HLD_2026年6月期第2四半期連結業績予想の修正に関するお知らせ.pdf"", ""2026年6月期第2四半期連結業績予想の修正に関するお知らせ"")",計画を上,1,1,予想の修正,https://www.release.tdnet.info/inbs/140120260209552036.pdf
20260209,15:30,3467,アグレ都市デザイン,"=HYPERLINK(""https://www.release.tdnet.info/inbs/140120260206549682.pdf"", ""2026年3月期第3四半期決算短信〔日本基準〕(連結)"")","=HYPERLINK(""pdf_tmp/20260209/3467_1530_アグレ都市デザイン_2026年3月期第3四半期決算短信〔日本基準〕(連結).pdf"", ""2026年3月期第3四半期決算短信〔日本基準〕(連結)"")",需要の回復,1,4,決算短信,https://www.release.tdnet.info/inbs/140120260206549682.pdf
20260209,08:00,3556,G-リネットジャパン,"=HYPERLINK(""https://www.release.tdnet.info/inbs/140120260206551051.pdf"", ""「上方修正記念」株主優待の実施に関するお知らせ"")","=HYPERLINK(""pdf_tmp/20260209/3556_0800_G-リネットジャパン_「上方修正記念」株主優待の実施に関するお知らせ.pdf"", ""「上方修正記念」株主優待の実施に関するお知らせ"")",上方修正,1,1,その他,https://www.release.tdnet.info/inbs/140120260206551051.pdf
20260209,08:00,3556,G-リネットジャパン,"=HYPERLINK(""https://www.release.tdnet.info/inbs/140120260206551052.pdf"", ""通期連結業績予想の修正(上方修正)に関するお知らせ"")","=HYPERLINK(""pdf_tmp/20260209/3556_0800_G-リネットジャパン_通期連結業績予想の修正(上方修正)に関するお知らせ.pdf"", ""通期連結業績予想の修正(上方修正)に関するお知らせ"")",上方修正,1,1,予想の修正,https://www.release.tdnet.info/inbs/140120260206551052.pdf
20260209,15:00,3569,セーレン,"=HYPERLINK(""https://www.release.tdnet.info/inbs/140120260205548761.pdf"", ""2026年3月期 第3四半期決算短信〔日本基準〕(連結)"")","=HYPERLINK(""pdf_tmp/20260209/3569_1500_セーレン_2026年3月期 第3四半期決算短信〔日本基準〕(連結).pdf"", ""2026年3月期 第3四半期決算短信〔日本基準〕(連結)"")",上方修正,1,5,決算短信,https://www.release.tdnet.info/inbs/140120260205548761.pdf
20260209,15:45,3741,セック,"=HYPERLINK(""https://www.release.tdnet.info/inbs/140120260108531186.pdf"", ""2026年3月期 第3四半期決算短信〔日本基準〕(非連結)"")","=HYPERLINK(""pdf_tmp/20260209/3741_1545_セック_2026年3月期 第3四半期決算短信〔日本基準〕(非連結).pdf"", ""2026年3月期 第3四半期決算短信〔日本基準〕(非連結)"")",大幅,1,4,決算短信,https://www.release.tdnet.info/inbs/140120260108531186.pdf
20260209,15:30,3902,MDV,"=HYPERLINK(""https://www.release.tdnet.info/inbs/140120260108530702.pdf"", ""2025年12月期決算短信〔日本基準〕(連結)"")","=HYPERLINK(""pdf_tmp/20260209/3902_1530_MDV_2025年12月期決算短信〔日本基準〕(連結).pdf"", ""2025年12月期決算短信〔日本基準〕(連結)"")",大幅,1,4,決算短信,https://www.release.tdnet.info/inbs/140120260108530702.pdf
20260209,15:31,3932,アカツキ,"=HYPERLINK(""https://www.release.tdnet.info/inbs/140120260206549845.pdf"", ""2026年3月期 第3四半期決算短信〔日本基準〕(連結)"")","=HYPERLINK(""pdf_tmp/20260209/3932_1531_アカツキ_2026年3月期 第3四半期決算短信〔日本基準〕(連結).pdf"", ""2026年3月期 第3四半期決算短信〔日本基準〕(連結)"")",大幅,1,4,決算短信,https://www.release.tdnet.info/inbs/140120260206549845.pdf
20260209,15:00,3954,PAXXS,"=HYPERLINK(""https://www.release.tdnet.info/inbs/140120260206550752.pdf"", ""2026年3月期 第3四半期決算短信〔日本基準〕(連結)"")","=HYPERLINK(""pdf_tmp/20260209/3954_1500_PAXXS_2026年3月期 第3四半期決算短信〔日本基準〕(連結).pdf"", ""2026年3月期 第3四半期決算短信〔日本基準〕(連結)"")",値上 大幅,1,4,決算短信,https://www.release.tdnet.info/inbs/140120260206550752.pdf
20260209,15:30,3970,G-イノベーション,"=HYPERLINK(""https://www.release.tdnet.info/inbs/140120260209551823.pdf"", ""2026年3月期第3四半期決算短信〔日本基準〕(連結)"")","=HYPERLINK(""pdf_tmp/20260209/3970_1530_G-イノベーション_2026年3月期第3四半期決算短信〔日本基準〕(連結).pdf"", ""2026年3月期第3四半期決算短信〔日本基準〕(連結)"")",大幅 シェア拡大,1,4,決算短信,https://www.release.tdnet.info/inbs/140120260209551823.pdf
20260209,15:30,4021,日産化,"=HYPERLINK(""https://www.release.tdnet.info/inbs/140120260206550962.pdf"", ""2026年3月期 第3四半期 決算短信〔日本基準〕(連結)"")","=HYPERLINK(""pdf_tmp/20260209/4021_1530_日産化_2026年3月期 第3四半期 決算短信〔日本基準〕(連結).pdf"", ""2026年3月期 第3四半期 決算短信〔日本基準〕(連結)"")",大幅,1,4,決算短信,https://www.release.tdnet.info/inbs/140120260206550962.pdf
20260209,13:00,4025,多木化学,"=HYPERLINK(""https://www.release.tdnet.info/inbs/140120260206550703.pdf"", ""「中期経営計画2028」の目標数値の上方修正に関するお知らせ"")","=HYPERLINK(""pdf_tmp/20260209/4025_1300_多木化学_「中期経営計画2028」の目標数値の上方修正に関するお知らせ.pdf"", ""「中期経営計画2028」の目標数値の上方修正に関するお知らせ"")",値上 上方修正 計画を上,1,1,その他,https://www.release.tdnet.info/inbs/140120260206550703.pdf
20260209,16:00,4046,大阪ソーダ,"=HYPERLINK(""https://www.release.tdnet.info/inbs/140120260209551307.pdf"", ""2026年3月期 第3四半期決算短信〔日本基準〕(連結)"")","=HYPERLINK(""pdf_tmp/20260209/4046_1600_大阪ソーダ_2026年3月期 第3四半期決算短信〔日本基準〕(連結).pdf"", ""2026年3月期 第3四半期決算短信〔日本基準〕(連結)"")",トップシェア,1,4,決算短信,https://www.release.tdnet.info/inbs/140120260209551307.pdf
20260209,15:30,4100,戸田工,"=HYPERLINK(""https://www.release.tdnet.info/inbs/140120260206550661.pdf"", ""2026年3月期 第3四半期決算短信〔日本基準〕(連結)"")","=HYPERLINK(""pdf_tmp/20260209/4100_1530_戸田工_2026年3月期 第3四半期決算短信〔日本基準〕(連結).pdf"", ""2026年3月期 第3四半期決算短信〔日本基準〕(連結)"")",大幅 悪化,1,4,決算短信,https://www.release.tdnet.info/inbs/140120260206550661.pdf
20260209,16:00,4231,タイガーポリ,"=HYPERLINK(""https://www.release.tdnet.info/inbs/140120260206549676.pdf"", ""2026年3月期第3四半期決算短信〔日本基準〕(連結)"")","=HYPERLINK(""pdf_tmp/20260209/4231_1600_タイガーポリ_2026年3月期第3四半期決算短信〔日本基準〕(連結).pdf"", ""2026年3月期第3四半期決算短信〔日本基準〕(連結)"")",値上,1,4,決算短信,https://www.release.tdnet.info/inbs/140120260206549676.pdf
20260209,15:30,4243,ニックス,"=HYPERLINK(""https://www.release.tdnet.info/inbs/140120260209551817.pdf"", ""2026年9月期第1四半期決算短信〔日本基準〕(連結)"")","=HYPERLINK(""pdf_tmp/20260209/4243_1530_ニックス_2026年9月期第1四半期決算短信〔日本基準〕(連結).pdf"", ""2026年9月期第1四半期決算短信〔日本基準〕(連結)"")",需要が増,1,4,決算短信,https://www.release.tdnet.info/inbs/140120260209551817.pdf
20260209,15:30,4274,細谷火工,"=HYPERLINK(""https://www.release.tdnet.info/inbs/140120260209551474.pdf"", ""令和8年3月期 第3四半期決算短信[日本基準](非連結)"")","=HYPERLINK(""pdf_tmp/20260209/4274_1530_細谷火工_令和8年3月期 第3四半期決算短信[日本基準](非連結).pdf"", ""令和8年3月期 第3四半期決算短信[日本基準](非連結)"")",大幅 需要が増,1,4,決算短信,https://www.release.tdnet.info/inbs/140120260209551474.pdf
20260209,15:30,4379,G-フォトシンス,"=HYPERLINK(""https://www.release.tdnet.info/inbs/140120260206550924.pdf"", ""通期業績予想の上方修正に関するお知らせ"")","=HYPERLINK(""pdf_tmp/20260209/4379_1530_G-フォトシンス_通期業績予想の上方修正に関するお知らせ.pdf"", ""通期業績予想の上方修正に関するお知らせ"")",上方修正,1,1,その他,https://www.release.tdnet.info/inbs/140120260206550924.pdf
20260209,16:00,4415,G-ブロードエンター,"=HYPERLINK(""https://www.release.tdnet.info/inbs/140120260206550646.pdf"", ""2025年12月期 決算短信〔日本基準〕(非連結)"")","=HYPERLINK(""pdf_tmp/20260209/4415_1600_G-ブロードエンター_2025年12月期 決算短信〔日本基準〕(非連結).pdf"", ""2025年12月期 決算短信〔日本基準〕(非連結)"")",大幅 需要が増,1,4,決算短信,https://www.release.tdnet.info/inbs/140120260206550646.pdf
20260209,16:30,4471,三洋化成,"=HYPERLINK(""https://www.release.tdnet.info/inbs/140120260206549746.pdf"", ""2026年3月期 第3四半期決算短信[日本基準](連結)"")","=HYPERLINK(""pdf_tmp/20260209/4471_1630_三洋化成_2026年3月期 第3四半期決算短信[日本基準](連結).pdf"", ""2026年3月期 第3四半期決算短信[日本基準](連結)"")",大幅,1,5,決算短信,https://www.release.tdnet.info/inbs/140120260206549746.pdf
20260209,15:30,4523,エーザイ,"=HYPERLINK(""https://www.release.tdnet.info/inbs/140120260209551176.pdf"", ""2025年度(2026年3月期)第3四半期決算 参考資料"")","=HYPERLINK(""pdf_tmp/20260209/4523_1530_エーザイ_2025年度(2026年3月期)第3四半期決算 参考資料.pdf"", ""2025年度(2026年3月期)第3四半期決算 参考資料"")",大幅,1,1,その他,https://www.release.tdnet.info/inbs/140120260209551176.pdf
20260209,14:00,4544,HUグループHD,"=HYPERLINK(""https://www.release.tdnet.info/inbs/140120260205549061.pdf"", ""2026年3月期 第3四半期決算短信〔日本基準〕(連結)"")","=HYPERLINK(""pdf_tmp/20260209/4544_1400_HUグループHD_2026年3月期 第3四半期決算短信〔日本基準〕(連結).pdf"", ""2026年3月期 第3四半期決算短信〔日本基準〕(連結)"")",悪化,1,4,決算短信,https://www.release.tdnet.info/inbs/140120260205549061.pdf
20260209,14:00,4635,東インキ,"=HYPERLINK(""https://www.release.tdnet.info/inbs/140120260123537946.pdf"", ""2026年3月期 第3四半期決算短信〔日本基準〕(連結)"")","=HYPERLINK(""pdf_tmp/20260209/4635_1400_東インキ_2026年3月期 第3四半期決算短信〔日本基準〕(連結).pdf"", ""2026年3月期 第3四半期決算短信〔日本基準〕(連結)"")",価格改定 悪化,1,4,決算短信,https://www.release.tdnet.info/inbs/140120260123537946.pdf
20260209,14:00,4826,CIJ,"=HYPERLINK(""https://www.release.tdnet.info/inbs/140120260209551285.pdf"", ""2026年6月期 第2四半期決算短信〔日本基準〕(連結)"")","=HYPERLINK(""pdf_tmp/20260209/4826_1400_CIJ_2026年6月期 第2四半期決算短信〔日本基準〕(連結).pdf"", ""2026年6月期 第2四半期決算短信〔日本基準〕(連結)"")",大幅,1,4,決算短信,https://www.release.tdnet.info/inbs/140120260209551285.pdf
20260209,14:00,4826,CIJ,"=HYPERLINK(""https://www.release.tdnet.info/inbs/140120260209551976.pdf"", ""2026年6月期 第2四半期決算説明会"")","=HYPERLINK(""pdf_tmp/20260209/4826_1400_CIJ_2026年6月期 第2四半期決算説明会.pdf"", ""2026年6月期 第2四半期決算説明会"")",大幅,1,5,その他,https://www.release.tdnet.info/inbs/140120260209551976.pdf
20260209,15:00,4994,大成ラミックG,"=HYPERLINK(""https://www.release.tdnet.info/inbs/140120260209551149.pdf"", ""2026年3月期 第3四半期決算短信〔日本基準〕(連結)"")","=HYPERLINK(""pdf_tmp/20260209/4994_1500_大成ラミックG_2026年3月期 第3四半期決算短信〔日本基準〕(連結).pdf"", ""2026年3月期 第3四半期決算短信〔日本基準〕(連結)"")",価格改定,1,4,決算短信,https://www.release.tdnet.info/inbs/140120260209551149.pdf
20260209,12:00,5015,BPカストロール,"=HYPERLINK(""https://www.release.tdnet.info/inbs/140120260206550421.pdf"", ""2025年12月期 決算短信〔日本基準〕(非連結)"")","=HYPERLINK(""pdf_tmp/20260209/5015_1200_BPカストロール_2025年12月期 決算短信〔日本基準〕(非連結).pdf"", ""2025年12月期 決算短信〔日本基準〕(非連結)"")",悪化,1,4,決算短信,https://www.release.tdnet.info/inbs/140120260206550421.pdf
20260209,11:00,5243,G-note,"=HYPERLINK(""https://www.release.tdnet.info/inbs/140120260209551109.pdf"", ""投資家の皆さまから多く寄せられた質問と回答(2025年11月期決算)"")","=HYPERLINK(""pdf_tmp/20260209/5243_1100_G-note_投資家の皆さまから多く寄せられた質問と回答(2025年11月期決算).pdf"", ""投資家の皆さまから多く寄せられた質問と回答(2025年11月期決算)"")",上方修正,1,1,その他,https://www.release.tdnet.info/inbs/140120260209551109.pdf
20260209,16:20,5342,ジャニス工,"=HYPERLINK(""https://www.release.tdnet.info/inbs/140120260209551246.pdf"", ""2026年3月期 第3四半期決算短信〔日本基準〕(連結)"")","=HYPERLINK(""pdf_tmp/20260209/5342_1620_ジャニス工_2026年3月期 第3四半期決算短信〔日本基準〕(連結).pdf"", ""2026年3月期 第3四半期決算短信〔日本基準〕(連結)"")",価格改定,1,4,決算短信,https://www.release.tdnet.info/inbs/140120260209551246.pdf
20260209,13:00,5491,日本金属,"=HYPERLINK(""https://www.release.tdnet.info/inbs/140120260206550051.pdf"", ""2026年3月期 第3四半期決算短信〔日本基準〕(連結)"")","=HYPERLINK(""pdf_tmp/20260209/5491_1300_日本金属_2026年3月期 第3四半期決算短信〔日本基準〕(連結).pdf"", ""2026年3月期 第3四半期決算短信〔日本基準〕(連結)"")",需要の回復 需要が低,1,4,決算短信,https://www.release.tdnet.info/inbs/140120260206550051.pdf
20260209,15:30,5535,ミガロHD,"=HYPERLINK(""https://www.release.tdnet.info/inbs/140120260206550763.pdf"", ""2026年3月期 第3四半期決算短信〔日本基準〕(連結)"")","=HYPERLINK(""pdf_tmp/20260209/5535_1530_ミガロHD_2026年3月期 第3四半期決算短信〔日本基準〕(連結).pdf"", ""2026年3月期 第3四半期決算短信〔日本基準〕(連結)"")",上方修正 シェア拡大,1,6,決算短信,https://www.release.tdnet.info/inbs/140120260206550763.pdf
20260209,15:30,5631,日製鋼所,"=HYPERLINK(""https://www.release.tdnet.info/inbs/140120260204547403.pdf"", ""組織変更に関するお知らせ"")","=HYPERLINK(""pdf_tmp/20260209/5631_1530_日製鋼所_組織変更に関するお知らせ.pdf"", ""組織変更に関するお知らせ"")",大幅,1,2,その他,https://www.release.tdnet.info/inbs/140120260204547403.pdf
20260209,16:00,5726,大阪チタ,"=HYPERLINK(""https://www.release.tdnet.info/inbs/140120260122537221.pdf"", ""2026年3月期第3四半期決算短信〔日本基準〕(非連結)"")","=HYPERLINK(""pdf_tmp/20260209/5726_1600_大阪チタ_2026年3月期第3四半期決算短信〔日本基準〕(非連結).pdf"", ""2026年3月期第3四半期決算短信〔日本基準〕(非連結)"")",大幅 需要の回復,1,4,決算短信,https://www.release.tdnet.info/inbs/140120260122537221.pdf
20260209,14:00,5801,古河電工,"=HYPERLINK(""https://www.release.tdnet.info/inbs/140120260207551090.pdf"", ""2026年3月期 通期業績予想及び配当予想の修正(増配)に関するお知らせ"")","=HYPERLINK(""pdf_tmp/20260209/5801_1400_古河電工_2026年3月期 通期業績予想及び配当予想の修正(増配)に関するお知らせ.pdf"", ""2026年3月期 通期業績予想及び配当予想の修正(増配)に関するお知らせ"")",需要回復,1,1,予想の修正,https://www.release.tdnet.info/inbs/140120260207551090.pdf
20260209,14:00,5801,古河電工,"=HYPERLINK(""https://www.release.tdnet.info/inbs/140120260207551086.pdf"", ""2026年3月期第3四半期決算短信〔日本基準〕(連結)"")","=HYPERLINK(""pdf_tmp/20260209/5801_1400_古河電工_2026年3月期第3四半期決算短信〔日本基準〕(連結).pdf"", ""2026年3月期第3四半期決算短信〔日本基準〕(連結)"")",需要回復,1,5,決算短信,https://www.release.tdnet.info/inbs/140120260207551086.pdf
20260209,16:30,5952,アマテイ,"=HYPERLINK(""https://www.release.tdnet.info/inbs/140120260209551195.pdf"", ""2026年3月期 第3四半期決算短信〔日本基準〕(連結)"")","=HYPERLINK(""pdf_tmp/20260209/5952_1630_アマテイ_2026年3月期 第3四半期決算短信〔日本基準〕(連結).pdf"", ""2026年3月期 第3四半期決算短信〔日本基準〕(連結)"")",悪化,1,4,決算短信,https://www.release.tdnet.info/inbs/140120260209551195.pdf
20260209,09:30,5969,ロブテックス,"=HYPERLINK(""https://www.release.tdnet.info/inbs/140120260205547874.pdf"", ""2026年3月期第3四半期決算短信〔日本基準〕(連結)"")","=HYPERLINK(""pdf_tmp/20260209/5969_0930_ロブテックス_2026年3月期第3四半期決算短信〔日本基準〕(連結).pdf"", ""2026年3月期第3四半期決算短信〔日本基準〕(連結)"")",需要が増,1,4,決算短信,https://www.release.tdnet.info/inbs/140120260205547874.pdf
20260209,13:40,5984,兼房,"=HYPERLINK(""https://www.release.tdnet.info/inbs/140120260206550012.pdf"", ""2026年3月期 第3四半期決算短信〔日本基準〕(連結)"")","=HYPERLINK(""pdf_tmp/20260209/5984_1340_兼房_2026年3月期 第3四半期決算短信〔日本基準〕(連結).pdf"", ""2026年3月期 第3四半期決算短信〔日本基準〕(連結)"")",悪化,1,4,決算短信,https://www.release.tdnet.info/inbs/140120260206550012.pdf
20260209,15:30,6031,G-ZETA,"=HYPERLINK(""https://www.release.tdnet.info/inbs/140120260209552120.pdf"", ""2025年12月期 決算短信〔日本基準〕(連結)"")","=HYPERLINK(""pdf_tmp/20260209/6031_1530_G-ZETA_2025年12月期 決算短信〔日本基準〕(連結).pdf"", ""2025年12月期 決算短信〔日本基準〕(連結)"")",大幅 計画を下,1,4,決算短信,https://www.release.tdnet.info/inbs/140120260209552120.pdf
20260209,15:30,6098,リクルートHD,"=HYPERLINK(""https://www.release.tdnet.info/inbs/140120260205549507.pdf"", ""2026年3月期 第3四半期決算短信〔IFRS〕(連結)"")","=HYPERLINK(""pdf_tmp/20260209/6098_1530_リクルートHD_2026年3月期 第3四半期決算短信〔IFRS〕(連結).pdf"", ""2026年3月期 第3四半期決算短信〔IFRS〕(連結)"")",大幅,1,2,決算短信,https://www.release.tdnet.info/inbs/140120260205549507.pdf
20260209,17:00,6137,小池酸工,"=HYPERLINK(""https://www.release.tdnet.info/inbs/140120260209552027.pdf"", ""2026年3月期 第3四半期決算短信〔日本基準〕(連結)"")","=HYPERLINK(""pdf_tmp/20260209/6137_1700_小池酸工_2026年3月期 第3四半期決算短信〔日本基準〕(連結).pdf"", ""2026年3月期 第3四半期決算短信〔日本基準〕(連結)"")",価格改定 大幅 悪化,1,4,決算短信,https://www.release.tdnet.info/inbs/140120260209552027.pdf
20260209,15:00,6480,日トムソン,"=HYPERLINK(""https://www.release.tdnet.info/inbs/140120260205547975.pdf"", ""2026年3月期 第3四半期決算短信〔日本基準〕(連結)"")","=HYPERLINK(""pdf_tmp/20260209/6480_1500_日トムソン_2026年3月期 第3四半期決算短信〔日本基準〕(連結).pdf"", ""2026年3月期 第3四半期決算短信〔日本基準〕(連結)"")",増産 需要が増,1,4,決算短信,https://www.release.tdnet.info/inbs/140120260205547975.pdf
20260209,15:30,6490,PILLAR,"=HYPERLINK(""https://www.release.tdnet.info/inbs/140120260106529654.pdf"", ""2026年3月期 第3四半期決算短信〔日本基準〕(連結)"")","=HYPERLINK(""pdf_tmp/20260209/6490_1530_PILLAR_2026年3月期 第3四半期決算短信〔日本基準〕(連結).pdf"", ""2026年3月期 第3四半期決算短信〔日本基準〕(連結)"")",需要が低 悪化,1,4,決算短信,https://www.release.tdnet.info/inbs/140120260106529654.pdf
20260209,15:30,6490,PILLAR,"=HYPERLINK(""https://www.release.tdnet.info/inbs/140120260202544917.pdf"", ""業績予想及び配当予想の修正(増配)に関するお知らせ"")","=HYPERLINK(""pdf_tmp/20260209/6490_1530_PILLAR_業績予想及び配当予想の修正(増配)に関するお知らせ.pdf"", ""業績予想及び配当予想の修正(増配)に関するお知らせ"")",上方修正,1,1,予想の修正,https://www.release.tdnet.info/inbs/140120260202544917.pdf
20260209,15:30,6551,ツナグGHD,"=HYPERLINK(""https://www.release.tdnet.info/inbs/140120260209551658.pdf"", ""2026年9月期 第1四半期決算短信〔日本基準〕(連結)"")","=HYPERLINK(""pdf_tmp/20260209/6551_1530_ツナグGHD_2026年9月期 第1四半期決算短信〔日本基準〕(連結).pdf"", ""2026年9月期 第1四半期決算短信〔日本基準〕(連結)"")",想定以上 需要の回復,1,4,決算短信,https://www.release.tdnet.info/inbs/140120260209551658.pdf
20260209,16:00,6616,トレックスセミ,"=HYPERLINK(""https://www.release.tdnet.info/inbs/140120260209551571.pdf"", ""2026年3月期 通期業績予想の修正に関するお知らせ"")","=HYPERLINK(""pdf_tmp/20260209/6616_1600_トレックスセミ_2026年3月期 通期業績予想の修正に関するお知らせ.pdf"", ""2026年3月期 通期業績予想の修正に関するお知らせ"")",上方修正 下方修正,1,1,予想の修正,https://www.release.tdnet.info/inbs/140120260209551571.pdf
20260209,15:30,6651,日東工,"=HYPERLINK(""https://www.release.tdnet.info/inbs/140120260206550846.pdf"", ""2026年3月期第3四半期決算短信〔日本基準〕(連結)"")","=HYPERLINK(""pdf_tmp/20260209/6651_1530_日東工_2026年3月期第3四半期決算短信〔日本基準〕(連結).pdf"", ""2026年3月期第3四半期決算短信〔日本基準〕(連結)"")",価格改定,1,4,決算短信,https://www.release.tdnet.info/inbs/140120260206550846.pdf
20260209,15:30,6651,日東工,"=HYPERLINK(""https://www.release.tdnet.info/inbs/140120260130543797.pdf"", ""2026年3月期通期連結業績予想および配当予想の修正に関するお知らせ"")","=HYPERLINK(""pdf_tmp/20260209/6651_1530_日東工_2026年3月期通期連結業績予想および配当予想の修正に関するお知らせ.pdf"", ""2026年3月期通期連結業績予想および配当予想の修正に関するお知らせ"")",上方修正,1,1,予想の修正,https://www.release.tdnet.info/inbs/140120260130543797.pdf
20260209,15:30,6677,エスケーエレク,"=HYPERLINK(""https://www.release.tdnet.info/inbs/140120260205548844.pdf"", ""2026年9月期 第1四半期決算短信[日本基準](連結)"")","=HYPERLINK(""pdf_tmp/20260209/6677_1530_エスケーエレク_2026年9月期 第1四半期決算短信[日本基準](連結).pdf"", ""2026年9月期 第1四半期決算短信[日本基準](連結)"")",需要が増,1,4,決算短信,https://www.release.tdnet.info/inbs/140120260205548844.pdf
20260209,15:30,6707,サンケン電,"=HYPERLINK(""https://www.release.tdnet.info/inbs/140120260206550100.pdf"", ""2026年3月期 第3四半期決算短信〔日本基準〕(連結)"")","=HYPERLINK(""pdf_tmp/20260209/6707_1530_サンケン電_2026年3月期 第3四半期決算短信〔日本基準〕(連結).pdf"", ""2026年3月期 第3四半期決算短信〔日本基準〕(連結)"")",値上,1,4,決算短信,https://www.release.tdnet.info/inbs/140120260206550100.pdf
20260209,17:15,6785,鈴木,"=HYPERLINK(""https://www.release.tdnet.info/inbs/140120260205548678.pdf"", ""2026年6月期 第2四半期(中間期)決算短信〔日本基準〕(連結)"")","=HYPERLINK(""pdf_tmp/20260209/6785_1715_鈴木_2026年6月期 第2四半期(中間期)決算短信〔日本基準〕(連結).pdf"", ""2026年6月期 第2四半期(中間期)決算短信〔日本基準〕(連結)"")",需要が増,1,4,決算短信,https://www.release.tdnet.info/inbs/140120260205548678.pdf
20260209,12:00,6817,スミダ,"=HYPERLINK(""https://www.release.tdnet.info/inbs/140120260205549079.pdf"", ""Vision to 2035 中期経営計画2026-2028"")","=HYPERLINK(""pdf_tmp/20260209/6817_1200_スミダ_Vision to 2035 中期経営計画2026-2028.pdf"", ""Vision to 2035 中期経営計画2026-2028"")",大幅,1,4,その他,https://www.release.tdnet.info/inbs/140120260205549079.pdf
20260209,15:30,6853,共和電,"=HYPERLINK(""https://www.release.tdnet.info/inbs/140120260123537964.pdf"", ""2025年12月期決算短信〔日本基準〕(連結)"")","=HYPERLINK(""pdf_tmp/20260209/6853_1530_共和電_2025年12月期決算短信〔日本基準〕(連結).pdf"", ""2025年12月期決算短信〔日本基準〕(連結)"")",価格改定,1,4,決算短信,https://www.release.tdnet.info/inbs/140120260123537964.pdf
20260209,15:30,6997,日ケミコン,"=HYPERLINK(""https://www.release.tdnet.info/inbs/140120260203546173.pdf"", ""2026年3月期 第3四半期決算短信〔日本基準〕(連結)"")","=HYPERLINK(""pdf_tmp/20260209/6997_1530_日ケミコン_2026年3月期 第3四半期決算短信〔日本基準〕(連結).pdf"", ""2026年3月期 第3四半期決算短信〔日本基準〕(連結)"")",悪化,1,5,決算短信,https://www.release.tdnet.info/inbs/140120260203546173.pdf
20260209,15:30,7187,ジェイリース,"=HYPERLINK(""https://www.release.tdnet.info/inbs/140120260209551456.pdf"", ""2026年3月期第3四半期決算短信〔日本基準〕(連結)"")","=HYPERLINK(""pdf_tmp/20260209/7187_1530_ジェイリース_2026年3月期第3四半期決算短信〔日本基準〕(連結).pdf"", ""2026年3月期第3四半期決算短信〔日本基準〕(連結)"")",大幅,1,4,決算短信,https://www.release.tdnet.info/inbs/140120260209551456.pdf
20260209,09:05,7213,レシップHD,"=HYPERLINK(""https://www.release.tdnet.info/inbs/140120260205549448.pdf"", ""2026年3月期 第3四半期決算短信〔日本基準〕(連結)"")","=HYPERLINK(""pdf_tmp/20260209/7213_0905_レシップHD_2026年3月期 第3四半期決算短信〔日本基準〕(連結).pdf"", ""2026年3月期 第3四半期決算短信〔日本基準〕(連結)"")",価格交渉 大幅,1,4,決算短信,https://www.release.tdnet.info/inbs/140120260205549448.pdf
20260209,09:20,7213,レシップHD,"=HYPERLINK(""https://www.release.tdnet.info/inbs/140120260205549450.pdf"", ""2026年3月期 第3四半期決算説明資料"")","=HYPERLINK(""pdf_tmp/20260209/7213_0920_レシップHD_2026年3月期 第3四半期決算説明資料.pdf"", ""2026年3月期 第3四半期決算説明資料"")",悪化,1,12,説明資料,https://www.release.tdnet.info/inbs/140120260205549450.pdf
20260209,16:00,7247,ミクニ,"=HYPERLINK(""https://www.release.tdnet.info/inbs/140120260209551574.pdf"", ""令和8年3月期 第3四半期決算短信〔日本基準〕(連結)"")","=HYPERLINK(""pdf_tmp/20260209/7247_1600_ミクニ_令和8年3月期 第3四半期決算短信〔日本基準〕(連結).pdf"", ""令和8年3月期 第3四半期決算短信〔日本基準〕(連結)"")",上方修正,1,6,決算短信,https://www.release.tdnet.info/inbs/140120260209551574.pdf
20260209,12:30,7443,横浜魚類,"=HYPERLINK(""https://www.release.tdnet.info/inbs/140120260124537985.pdf"", ""2026年3月期 第3四半期決算短信〔日本基準〕(非連結)"")","=HYPERLINK(""pdf_tmp/20260209/7443_1230_横浜魚類_2026年3月期 第3四半期決算短信〔日本基準〕(非連結).pdf"", ""2026年3月期 第3四半期決算短信〔日本基準〕(非連結)"")",値上,1,4,決算短信,https://www.release.tdnet.info/inbs/140120260124537985.pdf
20260209,15:30,7459,メディパル,"=HYPERLINK(""https://www.release.tdnet.info/inbs/140120260209551713.pdf"", ""2026年3月期 第3四半期決算短信〔日本基準〕(連結)"")","=HYPERLINK(""pdf_tmp/20260209/7459_1530_メディパル_2026年3月期 第3四半期決算短信〔日本基準〕(連結).pdf"", ""2026年3月期 第3四半期決算短信〔日本基準〕(連結)"")",価格交渉,1,6,決算短信,https://www.release.tdnet.info/inbs/140120260209551713.pdf
20260209,15:30,7481,尾家産,"=HYPERLINK(""https://www.release.tdnet.info/inbs/140120260206550706.pdf"", ""2026年3月期 第3四半期決算短信〔日本基準〕(連結)"")","=HYPERLINK(""pdf_tmp/20260209/7481_1530_尾家産_2026年3月期 第3四半期決算短信〔日本基準〕(連結).pdf"", ""2026年3月期 第3四半期決算短信〔日本基準〕(連結)"")",値上 計画以,1,4,決算短信,https://www.release.tdnet.info/inbs/140120260206550706.pdf
20260209,15:30,7615,京都きもの友禅HD,"=HYPERLINK(""https://www.release.tdnet.info/inbs/140120260206550884.pdf"", ""2026年3月期 第3四半期決算短信〔日本基準〕(連結)"")","=HYPERLINK(""pdf_tmp/20260209/7615_1530_京都きもの友禅HD_2026年3月期 第3四半期決算短信〔日本基準〕(連結).pdf"", ""2026年3月期 第3四半期決算短信〔日本基準〕(連結)"")",上方修正,1,5,決算短信,https://www.release.tdnet.info/inbs/140120260206550884.pdf
20260209,15:30,7615,京都きもの友禅HD,"=HYPERLINK(""https://www.release.tdnet.info/inbs/140120260206550888.pdf"", ""業績予想及び期末配当予想の修正に関するお知らせ"")","=HYPERLINK(""pdf_tmp/20260209/7615_1530_京都きもの友禅HD_業績予想及び期末配当予想の修正に関するお知らせ.pdf"", ""業績予想及び期末配当予想の修正に関するお知らせ"")",計画を上,1,1,予想の修正,https://www.release.tdnet.info/inbs/140120260206550888.pdf
20260209,15:45,7634,星医療,"=HYPERLINK(""https://www.release.tdnet.info/inbs/140120260205549033.pdf"", ""2026年3月期第3四半期決算短信[日本基準](連結)"")","=HYPERLINK(""pdf_tmp/20260209/7634_1545_星医療_2026年3月期第3四半期決算短信[日本基準](連結).pdf"", ""2026年3月期第3四半期決算短信[日本基準](連結)"")",需要の回復,1,4,決算短信,https://www.release.tdnet.info/inbs/140120260205549033.pdf
20260209,13:00,7636,ハンズマン,"=HYPERLINK(""https://www.release.tdnet.info/inbs/140120260206550995.pdf"", ""2026年6月期 第2四半期(中間期)の業績予想と実績値との差異および通期業績予想の修正に関するお知らせ"")","=HYPERLINK(""pdf_tmp/20260209/7636_1300_ハンズマン_2026年6月期 第2四半期(中間期)の業績予想と実績値との差異および通期業績予想の修正に関するお知らせ.pdf"", ""2026年6月期 第2四半期(中間期)の業績予想と実績値との差異および通期業績予想の修正に関するお知らせ"")",計画を下,1,2,予想の修正,https://www.release.tdnet.info/inbs/140120260206550995.pdf
20260209,13:00,7636,ハンズマン,"=HYPERLINK(""https://www.release.tdnet.info/inbs/140120260206550983.pdf"", ""2026年6月期 第2四半期(中間期)決算短信〔日本基準〕(非連結)"")","=HYPERLINK(""pdf_tmp/20260209/7636_1300_ハンズマン_2026年6月期 第2四半期(中間期)決算短信〔日本基準〕(非連結).pdf"", ""2026年6月期 第2四半期(中間期)決算短信〔日本基準〕(非連結)"")",値上 大幅,1,4,決算短信,https://www.release.tdnet.info/inbs/140120260206550983.pdf
20260209,16:30,8002,丸紅,"=HYPERLINK(""https://www.release.tdnet.info/inbs/140120260209551225.pdf"", ""2026年3月期第3四半期決算短信(監査法人による期中レビューの完了)"")","=HYPERLINK(""pdf_tmp/20260209/8002_1630_丸紅_2026年3月期第3四半期決算短信(監査法人による期中レビューの完了).pdf"", ""2026年3月期第3四半期決算短信(監査法人による期中レビューの完了)"")",悪化,1,6,決算短信,https://www.release.tdnet.info/inbs/140120260209551225.pdf
20260209,13:00,8032,紙パル商,"=HYPERLINK(""https://www.release.tdnet.info/inbs/140120260206549766.pdf"", ""2026年3月期第3四半期決算短信〔日本基準〕(連結)"")","=HYPERLINK(""pdf_tmp/20260209/8032_1300_紙パル商_2026年3月期第3四半期決算短信〔日本基準〕(連結).pdf"", ""2026年3月期第3四半期決算短信〔日本基準〕(連結)"")",需要回復,1,4,決算短信,https://www.release.tdnet.info/inbs/140120260206549766.pdf
20260209,13:00,8032,紙パル商,"=HYPERLINK(""https://www.release.tdnet.info/inbs/140120260204547266.pdf"", ""取締役・監査役・執行役員に対する自社株式取得を目的とした金銭報酬制度導入に関するお知らせ"")","=HYPERLINK(""pdf_tmp/20260209/8032_1300_紙パル商_取締役・監査役・執行役員に対する自社株式取得を目的とした金銭報酬制度導入に関するお知らせ.pdf"", ""取締役・監査役・執行役員に対する自社株式取得を目的とした金銭報酬制度導入に関するお知らせ"")",未達 悪化,1,2,その他,https://www.release.tdnet.info/inbs/140120260204547266.pdf
20260209,14:30,8101,GSIクレオス,"=HYPERLINK(""https://www.release.tdnet.info/inbs/140120260205549041.pdf"", ""2026年3月期 第3四半期決算短信〔日本基準〕(連結)"")","=HYPERLINK(""pdf_tmp/20260209/8101_1430_GSIクレオス_2026年3月期 第3四半期決算短信〔日本基準〕(連結).pdf"", ""2026年3月期 第3四半期決算短信〔日本基準〕(連結)"")",価格改定 需要が低,1,4,決算短信,https://www.release.tdnet.info/inbs/140120260205549041.pdf
20260209,14:30,8101,GSIクレオス,"=HYPERLINK(""https://www.release.tdnet.info/inbs/140120260206549847.pdf"", ""業績予想および配当予想の修正(増配)に関するお知らせ"")","=HYPERLINK(""pdf_tmp/20260209/8101_1430_GSIクレオス_業績予想および配当予想の修正(増配)に関するお知らせ.pdf"", ""業績予想および配当予想の修正(増配)に関するお知らせ"")",計画を上,1,1,予想の修正,https://www.release.tdnet.info/inbs/140120260206549847.pdf
20260209,15:30,8144,デンキョーグループ,"=HYPERLINK(""https://www.release.tdnet.info/inbs/140120260206550790.pdf"", ""2026年3月期 第3四半期決算短信〔日本基準〕(連結)"")","=HYPERLINK(""pdf_tmp/20260209/8144_1530_デンキョーグループ_2026年3月期 第3四半期決算短信〔日本基準〕(連結).pdf"", ""2026年3月期 第3四半期決算短信〔日本基準〕(連結)"")",値上 需要の回復 悪化,1,4,決算短信,https://www.release.tdnet.info/inbs/140120260206550790.pdf
20260209,16:00,8159,立花エレ,"=HYPERLINK(""https://www.release.tdnet.info/inbs/140120260209551340.pdf"", ""2026年3月期 第3四半期決算短信〔日本基準〕(連結)"")","=HYPERLINK(""pdf_tmp/20260209/8159_1600_立花エレ_2026年3月期 第3四半期決算短信〔日本基準〕(連結).pdf"", ""2026年3月期 第3四半期決算短信〔日本基準〕(連結)"")",大幅,1,4,決算短信,https://www.release.tdnet.info/inbs/140120260209551340.pdf
20260209,15:30,8207,テンアライド,"=HYPERLINK(""https://www.release.tdnet.info/inbs/140120260122537098.pdf"", ""2026年3月期 第3四半期決算短信〔日本基準〕(連結)"")","=HYPERLINK(""pdf_tmp/20260209/8207_1530_テンアライド_2026年3月期 第3四半期決算短信〔日本基準〕(連結).pdf"", ""2026年3月期 第3四半期決算短信〔日本基準〕(連結)"")",悪化,1,5,決算短信,https://www.release.tdnet.info/inbs/140120260122537098.pdf
20260209,15:30,8226,理経,"=HYPERLINK(""https://www.release.tdnet.info/inbs/140120260206550905.pdf"", ""通期連結業績予想の修正に関するお知らせ"")","=HYPERLINK(""pdf_tmp/20260209/8226_1530_理経_通期連結業績予想の修正に関するお知らせ.pdf"", ""通期連結業績予想の修正に関するお知らせ"")",計画以,1,1,予想の修正,https://www.release.tdnet.info/inbs/140120260206550905.pdf
20260209,15:30,8344,山形銀,"=HYPERLINK(""https://www.release.tdnet.info/inbs/140120260203545626.pdf"", ""株主還元方針の見直しに関するお知らせ"")","=HYPERLINK(""pdf_tmp/20260209/8344_1530_山形銀_株主還元方針の見直しに関するお知らせ.pdf"", ""株主還元方針の見直しに関するお知らせ"")",上方修正,1,1,その他,https://www.release.tdnet.info/inbs/140120260203545626.pdf
20260209,15:00,8392,大分銀,"=HYPERLINK(""https://www.release.tdnet.info/inbs/140120260206550662.pdf"", ""2026年3月期 第3四半期決算短信〔日本基準〕(連結)"")","=HYPERLINK(""pdf_tmp/20260209/8392_1500_大分銀_2026年3月期 第3四半期決算短信〔日本基準〕(連結).pdf"", ""2026年3月期 第3四半期決算短信〔日本基準〕(連結)"")",大幅,1,11,決算短信,https://www.release.tdnet.info/inbs/140120260206550662.pdf
20260209,13:30,8544,京葉銀,"=HYPERLINK(""https://www.release.tdnet.info/inbs/140120260205548969.pdf"", ""長期ビジョンおよび第20次中期経営計画における財務KPIの見直しに関するお知らせ"")","=HYPERLINK(""pdf_tmp/20260209/8544_1330_京葉銀_長期ビジョンおよび第20次中期経営計画における財務KPIの見直しに関するお知らせ.pdf"", ""長期ビジョンおよび第20次中期経営計画における財務KPIの見直しに関するお知らせ"")",上方修正,1,1,その他,https://www.release.tdnet.info/inbs/140120260205548969.pdf
20260209,16:00,8891,AMGHD,"=HYPERLINK(""https://www.release.tdnet.info/inbs/140120260205548030.pdf"", ""2026年3月期 第3四半期決算短信〔日本基準〕(連結)"")","=HYPERLINK(""pdf_tmp/20260209/8891_1600_AMGHD_2026年3月期 第3四半期決算短信〔日本基準〕(連結).pdf"", ""2026年3月期 第3四半期決算短信〔日本基準〕(連結)"")",値上,1,4,決算短信,https://www.release.tdnet.info/inbs/140120260205548030.pdf
20260209,15:00,9306,東陽倉,"=HYPERLINK(""https://www.release.tdnet.info/inbs/140120260206550224.pdf"", ""2026年3月期 第3四半期決算短信〔日本基準〕(連結)"")","=HYPERLINK(""pdf_tmp/20260209/9306_1500_東陽倉_2026年3月期 第3四半期決算短信〔日本基準〕(連結).pdf"", ""2026年3月期 第3四半期決算短信〔日本基準〕(連結)"")",悪化,1,4,決算短信,https://www.release.tdnet.info/inbs/140120260206550224.pdf
20260209,15:30,9332,NISSOHD,"=HYPERLINK(""https://www.release.tdnet.info/inbs/140120260203546210.pdf"", ""2026年3月期通期連結業績予想の修正に関するお知らせ"")","=HYPERLINK(""pdf_tmp/20260209/9332_1530_NISSOHD_2026年3月期通期連結業績予想の修正に関するお知らせ.pdf"", ""2026年3月期通期連結業績予想の修正に関するお知らせ"")",計画を下,1,2,予想の修正,https://www.release.tdnet.info/inbs/140120260203546210.pdf
20260209,15:30,9405,朝日放送グループHD,"=HYPERLINK(""https://www.release.tdnet.info/inbs/140120260205549406.pdf"", ""2026年3月期 第3四半期 決算補足資料"")","=HYPERLINK(""pdf_tmp/20260209/9405_1530_朝日放送グループHD_2026年3月期 第3四半期 決算補足資料.pdf"", ""2026年3月期 第3四半期 決算補足資料"")",悪化,1,14,その他,https://www.release.tdnet.info/inbs/140120260205549406.pdf
20260209,14:00,9438,エムティーアイ,"=HYPERLINK(""https://www.release.tdnet.info/inbs/140120260208551105.pdf"", ""2026年9月期 第1四半期決算短信〔日本基準〕(連結)"")","=HYPERLINK(""pdf_tmp/20260209/9438_1400_エムティーアイ_2026年9月期 第1四半期決算短信〔日本基準〕(連結).pdf"", ""2026年9月期 第1四半期決算短信〔日本基準〕(連結)"")",大幅,1,5,決算短信,https://www.release.tdnet.info/inbs/140120260208551105.pdf
20260209,14:00,9475,昭文社HD,"=HYPERLINK(""https://www.release.tdnet.info/inbs/140120260130543556.pdf"", ""2026年3月期 第3四半期決算短信〔日本基準〕(連結)"")","=HYPERLINK(""pdf_tmp/20260209/9475_1400_昭文社HD_2026年3月期 第3四半期決算短信〔日本基準〕(連結).pdf"", ""2026年3月期 第3四半期決算短信〔日本基準〕(連結)"")",想定以上,1,6,決算短信,https://www.release.tdnet.info/inbs/140120260130543556.pdf
20260209,14:00,9475,昭文社HD,"=HYPERLINK(""https://www.release.tdnet.info/inbs/140120260204547516.pdf"", ""2026年3月期通期連結業績予想の修正に関するお知らせ"")","=HYPERLINK(""pdf_tmp/20260209/9475_1400_昭文社HD_2026年3月期通期連結業績予想の修正に関するお知らせ.pdf"", ""2026年3月期通期連結業績予想の修正に関するお知らせ"")",想定以上,1,1,予想の修正,https://www.release.tdnet.info/inbs/140120260204547516.pdf
20260209,15:40,9514,EF-ON,"=HYPERLINK(""https://www.release.tdnet.info/inbs/140120260206550871.pdf"", ""2026年6月期 第2四半期(中間期)決算短信〔日本基準〕(連結)"")","=HYPERLINK(""pdf_tmp/20260209/9514_1540_EF-ON_2026年6月期 第2四半期(中間期)決算短信〔日本基準〕(連結).pdf"", ""2026年6月期 第2四半期(中間期)決算短信〔日本基準〕(連結)"")",値上 悪化,1,4,決算短信,https://www.release.tdnet.info/inbs/140120260206550871.pdf
20260209,15:40,9514,EF-ON,"=HYPERLINK(""https://www.release.tdnet.info/inbs/140120260206550886.pdf"", ""2026年6月期第2四半期(中間期)の連結業績予想と実績の差異および2026年6月期通期連結業績予想の修正に関するお知らせ"")","=HYPERLINK(""pdf_tmp/20260209/9514_1540_EF-ON_2026年6月期第2四半期(中間期)の連結業績予想と実績の差異および2026年6月期通期連結業績予想の修正に関するお知らせ.pdf"", ""2026年6月期第2四半期(中間期)の連結業績予想と実績の差異および2026年6月期通期連結業績予想の修正に関するお知らせ"")",未達 大幅,1,2,予想の修正,https://www.release.tdnet.info/inbs/140120260206550886.pdf
20260209,14:00,9537,北陸瓦斯,"=HYPERLINK(""https://www.release.tdnet.info/inbs/140120260205548822.pdf"", ""2026年3月期 第3四半期決算短信〔日本基準〕(連結)"")","=HYPERLINK(""pdf_tmp/20260209/9537_1400_北陸瓦斯_2026年3月期 第3四半期決算短信〔日本基準〕(連結).pdf"", ""2026年3月期 第3四半期決算短信〔日本基準〕(連結)"")",計画を下,1,4,決算短信,https://www.release.tdnet.info/inbs/140120260205548822.pdf
20260209,15:30,9739,NSW,"=HYPERLINK(""https://www.release.tdnet.info/inbs/140120260206549704.pdf"", ""2026年3月期第3四半期決算短信〔日本基準〕(連結)"")","=HYPERLINK(""pdf_tmp/20260209/9739_1530_NSW_2026年3月期第3四半期決算短信〔日本基準〕(連結).pdf"", ""2026年3月期第3四半期決算短信〔日本基準〕(連結)"")",計画を上,1,4,決算短信,https://www.release.tdnet.info/inbs/140120260206549704.pdf
20260209,15:30,9880,イノテック,"=HYPERLINK(""https://www.release.tdnet.info/inbs/140120260209551882.pdf"", ""2026年3月期 第3四半期決算短信〔日本基準〕(連結)"")","=HYPERLINK(""pdf_tmp/20260209/9880_1530_イノテック_2026年3月期 第3四半期決算短信〔日本基準〕(連結).pdf"", ""2026年3月期 第3四半期決算短信〔日本基準〕(連結)"")",大幅 需要回復,1,4,決算短信,https://www.release.tdnet.info/inbs/140120260209551882.pdf
